CREATE TABLE IF NOT EXISTS "auth_group" ("id" integer NOT NULL PRIMARY KEY AUTOINCREMENT, "name" varchar(150) NOT NULL UNIQUE);
INSERT INTO "auth_group" VALUES(1,'Gerencia');
INSERT INTO "auth_group" VALUES(2,'Tecnicos');
INSERT INTO "auth_group" VALUES(3,'Administradores');
CREATE UNIQUE INDEX "auth_group_permissions_group_id_permission_id_0cd325b0_uniq" ON "auth_group_permissions" ("group_id", "permission_id");
CREATE INDEX IF NOT EXISTS "auth_group_permissions_group_id_b120cbf9" ON "auth_group_permissions" ("group_id");
CREATE INDEX IF NOT EXISTS "auth_group_permissions_permission_id_84c5c92e" ON "auth_group_permissions" ("permission_id");
CREATE UNIQUE INDEX "auth_user_groups_user_id_group_id_94350c0c_uniq" ON "auth_user_groups" ("user_id", "group_id");
CREATE INDEX IF NOT EXISTS "auth_user_groups_user_id_6a12ed8b" ON "auth_user_groups" ("user_id");
CREATE INDEX IF NOT EXISTS "auth_user_groups_group_id_97559544" ON "auth_user_groups" ("group_id");
CREATE UNIQUE INDEX "auth_user_user_permissions_user_id_permission_id_14a6b632_uniq" ON "auth_user_user_permissions" ("user_id", "permission_id");
CREATE INDEX IF NOT EXISTS "auth_user_user_permissions_user_id_a95ead1b" ON "auth_user_user_permissions" ("user_id");
CREATE INDEX IF NOT EXISTS "auth_user_user_permissions_permission_id_1fbb5f2c" ON "auth_user_user_permissions" ("permission_id");
CREATE INDEX IF NOT EXISTS "django_admin_log_content_type_id_c4bce8eb" ON "django_admin_log" ("content_type_id");
CREATE INDEX IF NOT EXISTS "django_admin_log_user_id_c564eba6" ON "django_admin_log" ("user_id");
CREATE UNIQUE INDEX "django_content_type_app_label_model_76bd3d3b_uniq" ON "django_content_type" ("app_label", "model");
CREATE UNIQUE INDEX "auth_permission_content_type_id_codename_01ab375a_uniq" ON "auth_permission" ("content_type_id", "codename");
CREATE INDEX IF NOT EXISTS "auth_permission_content_type_id_2f476e4b" ON "auth_permission" ("content_type_id");
CREATE INDEX IF NOT EXISTS "django_session_expire_date_a5c62663" ON "django_session" ("expire_date");
CREATE INDEX IF NOT EXISTS "clients_client_vendedor_id_ae4443ef" ON "clients_client" ("vendedor_id");
CREATE INDEX IF NOT EXISTS "work_order_services_cod_cli_id_124d06e0" ON "work_order_work_order" ("cod_cli_id");
CREATE INDEX IF NOT EXISTS "work_order_services_cod_ser_id_9d427a2e" ON "work_order_work_order" ("cod_ser_id");
CREATE INDEX IF NOT EXISTS "work_order_services_cod_tec_id_7e53c444" ON "work_order_work_order" ("cod_tec_id");
CREATE INDEX IF NOT EXISTS "work_order_services_cod_user_id_fd182141" ON "work_order_work_order" ("cod_user_id");
CREATE INDEX IF NOT EXISTS "work_order_image_order_id_0026596c" ON "work_order_image" ("order_id");
CREATE TABLE IF NOT EXISTS "auth_group_permissions" ("id" integer NOT NULL PRIMARY KEY AUTOINCREMENT, "group_id" integer NOT NULL REFERENCES "auth_group" ("id") DEFERRABLE INITIALLY DEFERRED, "permission_id" integer NOT NULL REFERENCES "auth_permission" ("id") DEFERRABLE INITIALLY DEFERRED);
INSERT INTO "auth_group_permissions" VALUES(1,1,32);
INSERT INTO "auth_group_permissions" VALUES(2,1,33);
INSERT INTO "auth_group_permissions" VALUES(3,1,34);
INSERT INTO "auth_group_permissions" VALUES(4,1,35);
INSERT INTO "auth_group_permissions" VALUES(5,1,36);
INSERT INTO "auth_group_permissions" VALUES(6,1,37);
INSERT INTO "auth_group_permissions" VALUES(7,1,38);
INSERT INTO "auth_group_permissions" VALUES(8,1,40);
INSERT INTO "auth_group_permissions" VALUES(9,1,41);
INSERT INTO "auth_group_permissions" VALUES(10,1,42);
INSERT INTO "auth_group_permissions" VALUES(11,1,44);
INSERT INTO "auth_group_permissions" VALUES(12,1,17);
INSERT INTO "auth_group_permissions" VALUES(13,1,18);
INSERT INTO "auth_group_permissions" VALUES(14,1,20);
INSERT INTO "auth_group_permissions" VALUES(15,1,24);
INSERT INTO "auth_group_permissions" VALUES(16,1,25);
INSERT INTO "auth_group_permissions" VALUES(17,1,26);
INSERT INTO "auth_group_permissions" VALUES(18,1,28);
INSERT INTO "auth_group_permissions" VALUES(19,3,1);
INSERT INTO "auth_group_permissions" VALUES(20,3,2);
INSERT INTO "auth_group_permissions" VALUES(21,3,3);
INSERT INTO "auth_group_permissions" VALUES(22,3,4);
INSERT INTO "auth_group_permissions" VALUES(23,3,5);
INSERT INTO "auth_group_permissions" VALUES(24,3,6);
INSERT INTO "auth_group_permissions" VALUES(25,3,7);
INSERT INTO "auth_group_permissions" VALUES(26,3,8);
INSERT INTO "auth_group_permissions" VALUES(27,3,9);
INSERT INTO "auth_group_permissions" VALUES(28,3,10);
INSERT INTO "auth_group_permissions" VALUES(29,3,11);
INSERT INTO "auth_group_permissions" VALUES(30,3,12);
INSERT INTO "auth_group_permissions" VALUES(31,3,13);
INSERT INTO "auth_group_permissions" VALUES(32,3,14);
INSERT INTO "auth_group_permissions" VALUES(33,3,15);
INSERT INTO "auth_group_permissions" VALUES(34,3,16);
INSERT INTO "auth_group_permissions" VALUES(35,3,17);
INSERT INTO "auth_group_permissions" VALUES(36,3,18);
INSERT INTO "auth_group_permissions" VALUES(37,3,19);
INSERT INTO "auth_group_permissions" VALUES(38,3,20);
INSERT INTO "auth_group_permissions" VALUES(39,3,21);
INSERT INTO "auth_group_permissions" VALUES(40,3,22);
INSERT INTO "auth_group_permissions" VALUES(41,3,23);
INSERT INTO "auth_group_permissions" VALUES(42,3,24);
INSERT INTO "auth_group_permissions" VALUES(43,3,25);
INSERT INTO "auth_group_permissions" VALUES(44,3,26);
INSERT INTO "auth_group_permissions" VALUES(45,3,27);
INSERT INTO "auth_group_permissions" VALUES(46,3,28);
INSERT INTO "auth_group_permissions" VALUES(47,3,29);
INSERT INTO "auth_group_permissions" VALUES(48,3,30);
INSERT INTO "auth_group_permissions" VALUES(49,3,31);
INSERT INTO "auth_group_permissions" VALUES(50,3,32);
INSERT INTO "auth_group_permissions" VALUES(51,3,33);
INSERT INTO "auth_group_permissions" VALUES(52,3,34);
INSERT INTO "auth_group_permissions" VALUES(53,3,35);
INSERT INTO "auth_group_permissions" VALUES(54,3,36);
INSERT INTO "auth_group_permissions" VALUES(55,3,37);
INSERT INTO "auth_group_permissions" VALUES(56,3,38);
INSERT INTO "auth_group_permissions" VALUES(57,3,39);
INSERT INTO "auth_group_permissions" VALUES(58,3,40);
INSERT INTO "auth_group_permissions" VALUES(59,3,41);
INSERT INTO "auth_group_permissions" VALUES(60,3,42);
INSERT INTO "auth_group_permissions" VALUES(61,3,43);
INSERT INTO "auth_group_permissions" VALUES(62,3,44);
INSERT INTO "auth_group_permissions" VALUES(63,3,45);
INSERT INTO "auth_group_permissions" VALUES(64,3,46);
INSERT INTO "auth_group_permissions" VALUES(65,3,47);
INSERT INTO "auth_group_permissions" VALUES(66,3,48);
CREATE UNIQUE INDEX "auth_group_permissions_group_id_permission_id_0cd325b0_uniq" ON "auth_group_permissions" ("group_id", "permission_id");
CREATE INDEX IF NOT EXISTS "auth_group_permissions_group_id_b120cbf9" ON "auth_group_permissions" ("group_id");
CREATE INDEX IF NOT EXISTS "auth_group_permissions_permission_id_84c5c92e" ON "auth_group_permissions" ("permission_id");
CREATE UNIQUE INDEX "auth_user_groups_user_id_group_id_94350c0c_uniq" ON "auth_user_groups" ("user_id", "group_id");
CREATE INDEX IF NOT EXISTS "auth_user_groups_user_id_6a12ed8b" ON "auth_user_groups" ("user_id");
CREATE INDEX IF NOT EXISTS "auth_user_groups_group_id_97559544" ON "auth_user_groups" ("group_id");
CREATE UNIQUE INDEX "auth_user_user_permissions_user_id_permission_id_14a6b632_uniq" ON "auth_user_user_permissions" ("user_id", "permission_id");
CREATE INDEX IF NOT EXISTS "auth_user_user_permissions_user_id_a95ead1b" ON "auth_user_user_permissions" ("user_id");
CREATE INDEX IF NOT EXISTS "auth_user_user_permissions_permission_id_1fbb5f2c" ON "auth_user_user_permissions" ("permission_id");
CREATE INDEX IF NOT EXISTS "django_admin_log_content_type_id_c4bce8eb" ON "django_admin_log" ("content_type_id");
CREATE INDEX IF NOT EXISTS "django_admin_log_user_id_c564eba6" ON "django_admin_log" ("user_id");
CREATE UNIQUE INDEX "django_content_type_app_label_model_76bd3d3b_uniq" ON "django_content_type" ("app_label", "model");
CREATE UNIQUE INDEX "auth_permission_content_type_id_codename_01ab375a_uniq" ON "auth_permission" ("content_type_id", "codename");
CREATE INDEX IF NOT EXISTS "auth_permission_content_type_id_2f476e4b" ON "auth_permission" ("content_type_id");
CREATE INDEX IF NOT EXISTS "django_session_expire_date_a5c62663" ON "django_session" ("expire_date");
CREATE INDEX IF NOT EXISTS "clients_client_vendedor_id_ae4443ef" ON "clients_client" ("vendedor_id");
CREATE INDEX IF NOT EXISTS "work_order_services_cod_cli_id_124d06e0" ON "work_order_work_order" ("cod_cli_id");
CREATE INDEX IF NOT EXISTS "work_order_services_cod_ser_id_9d427a2e" ON "work_order_work_order" ("cod_ser_id");
CREATE INDEX IF NOT EXISTS "work_order_services_cod_tec_id_7e53c444" ON "work_order_work_order" ("cod_tec_id");
CREATE INDEX IF NOT EXISTS "work_order_services_cod_user_id_fd182141" ON "work_order_work_order" ("cod_user_id");
CREATE INDEX IF NOT EXISTS "work_order_image_order_id_0026596c" ON "work_order_image" ("order_id");
CREATE TABLE IF NOT EXISTS "auth_permission" ("id" integer NOT NULL PRIMARY KEY AUTOINCREMENT, "content_type_id" integer NOT NULL REFERENCES "django_content_type" ("id") DEFERRABLE INITIALLY DEFERRED, "codename" varchar(100) NOT NULL, "name" varchar(255) NOT NULL);
INSERT INTO "auth_permission" VALUES(1,1,'add_logentry','Can add log entry');
INSERT INTO "auth_permission" VALUES(2,1,'change_logentry','Can change log entry');
INSERT INTO "auth_permission" VALUES(3,1,'delete_logentry','Can delete log entry');
INSERT INTO "auth_permission" VALUES(4,1,'view_logentry','Can view log entry');
INSERT INTO "auth_permission" VALUES(5,2,'add_permission','Can add permission');
INSERT INTO "auth_permission" VALUES(6,2,'change_permission','Can change permission');
INSERT INTO "auth_permission" VALUES(7,2,'delete_permission','Can delete permission');
INSERT INTO "auth_permission" VALUES(8,2,'view_permission','Can view permission');
INSERT INTO "auth_permission" VALUES(9,3,'add_group','Can add group');
INSERT INTO "auth_permission" VALUES(10,3,'change_group','Can change group');
INSERT INTO "auth_permission" VALUES(11,3,'delete_group','Can delete group');
INSERT INTO "auth_permission" VALUES(12,3,'view_group','Can view group');
INSERT INTO "auth_permission" VALUES(13,4,'add_user','Can add user');
INSERT INTO "auth_permission" VALUES(14,4,'change_user','Can change user');
INSERT INTO "auth_permission" VALUES(15,4,'delete_user','Can delete user');
INSERT INTO "auth_permission" VALUES(16,4,'view_user','Can view user');
INSERT INTO "auth_permission" VALUES(17,5,'add_contenttype','Can add content type');
INSERT INTO "auth_permission" VALUES(18,5,'change_contenttype','Can change content type');
INSERT INTO "auth_permission" VALUES(19,5,'delete_contenttype','Can delete content type');
INSERT INTO "auth_permission" VALUES(20,5,'view_contenttype','Can view content type');
INSERT INTO "auth_permission" VALUES(21,6,'add_session','Can add session');
INSERT INTO "auth_permission" VALUES(22,6,'change_session','Can change session');
INSERT INTO "auth_permission" VALUES(23,6,'delete_session','Can delete session');
INSERT INTO "auth_permission" VALUES(24,6,'view_session','Can view session');
INSERT INTO "auth_permission" VALUES(25,7,'add_client','Can add client');
INSERT INTO "auth_permission" VALUES(26,7,'change_client','Can change client');
INSERT INTO "auth_permission" VALUES(27,7,'delete_client','Can delete client');
INSERT INTO "auth_permission" VALUES(28,7,'view_client','Can view client');
INSERT INTO "auth_permission" VALUES(29,8,'add_employees','Can add employees');
INSERT INTO "auth_permission" VALUES(30,8,'change_employees','Can change employees');
INSERT INTO "auth_permission" VALUES(31,8,'delete_employees','Can delete employees');
INSERT INTO "auth_permission" VALUES(32,8,'view_employees','Can view employees');
INSERT INTO "auth_permission" VALUES(33,9,'add_services','Can add services');
INSERT INTO "auth_permission" VALUES(34,9,'change_services','Can change services');
INSERT INTO "auth_permission" VALUES(35,9,'delete_services','Can delete services');
INSERT INTO "auth_permission" VALUES(36,9,'view_services','Can view services');
INSERT INTO "auth_permission" VALUES(37,10,'add_services','Can add services');
INSERT INTO "auth_permission" VALUES(38,10,'change_services','Can change services');
INSERT INTO "auth_permission" VALUES(39,10,'delete_services','Can delete services');
INSERT INTO "auth_permission" VALUES(40,10,'view_services','Can view services');
INSERT INTO "auth_permission" VALUES(41,11,'add_image','Can add image');
INSERT INTO "auth_permission" VALUES(42,11,'change_image','Can change image');
INSERT INTO "auth_permission" VALUES(43,11,'delete_image','Can delete image');
INSERT INTO "auth_permission" VALUES(44,11,'view_image','Can view image');
INSERT INTO "auth_permission" VALUES(45,10,'add_work_order','Can add work_order');
INSERT INTO "auth_permission" VALUES(46,10,'change_work_order','Can change work_order');
INSERT INTO "auth_permission" VALUES(47,10,'delete_work_order','Can delete work_order');
INSERT INTO "auth_permission" VALUES(48,10,'view_work_order','Can view work_order');
INSERT INTO "auth_permission" VALUES(49,12,'add_finance','Can add finance');
INSERT INTO "auth_permission" VALUES(50,12,'change_finance','Can change finance');
INSERT INTO "auth_permission" VALUES(51,12,'delete_finance','Can delete finance');
INSERT INTO "auth_permission" VALUES(52,12,'view_finance','Can view finance');
INSERT INTO "auth_permission" VALUES(53,13,'add_config','Can add config');
INSERT INTO "auth_permission" VALUES(54,13,'change_config','Can change config');
INSERT INTO "auth_permission" VALUES(55,13,'delete_config','Can delete config');
INSERT INTO "auth_permission" VALUES(56,13,'view_config','Can view config');
INSERT INTO "auth_permission" VALUES(57,14,'add_document','Can add document');
INSERT INTO "auth_permission" VALUES(58,14,'change_document','Can change document');
INSERT INTO "auth_permission" VALUES(59,14,'delete_document','Can delete document');
INSERT INTO "auth_permission" VALUES(60,14,'view_document','Can view document');
INSERT INTO "auth_permission" VALUES(61,14,'add_documents','Can add documents');
INSERT INTO "auth_permission" VALUES(62,14,'change_documents','Can change documents');
INSERT INTO "auth_permission" VALUES(63,14,'delete_documents','Can delete documents');
INSERT INTO "auth_permission" VALUES(64,14,'view_documents','Can view documents');
CREATE UNIQUE INDEX "auth_group_permissions_group_id_permission_id_0cd325b0_uniq" ON "auth_group_permissions" ("group_id", "permission_id");
CREATE INDEX IF NOT EXISTS "auth_group_permissions_group_id_b120cbf9" ON "auth_group_permissions" ("group_id");
CREATE INDEX IF NOT EXISTS "auth_group_permissions_permission_id_84c5c92e" ON "auth_group_permissions" ("permission_id");
CREATE UNIQUE INDEX "auth_user_groups_user_id_group_id_94350c0c_uniq" ON "auth_user_groups" ("user_id", "group_id");
CREATE INDEX IF NOT EXISTS "auth_user_groups_user_id_6a12ed8b" ON "auth_user_groups" ("user_id");
CREATE INDEX IF NOT EXISTS "auth_user_groups_group_id_97559544" ON "auth_user_groups" ("group_id");
CREATE UNIQUE INDEX "auth_user_user_permissions_user_id_permission_id_14a6b632_uniq" ON "auth_user_user_permissions" ("user_id", "permission_id");
CREATE INDEX IF NOT EXISTS "auth_user_user_permissions_user_id_a95ead1b" ON "auth_user_user_permissions" ("user_id");
CREATE INDEX IF NOT EXISTS "auth_user_user_permissions_permission_id_1fbb5f2c" ON "auth_user_user_permissions" ("permission_id");
CREATE INDEX IF NOT EXISTS "django_admin_log_content_type_id_c4bce8eb" ON "django_admin_log" ("content_type_id");
CREATE INDEX IF NOT EXISTS "django_admin_log_user_id_c564eba6" ON "django_admin_log" ("user_id");
CREATE UNIQUE INDEX "django_content_type_app_label_model_76bd3d3b_uniq" ON "django_content_type" ("app_label", "model");
CREATE UNIQUE INDEX "auth_permission_content_type_id_codename_01ab375a_uniq" ON "auth_permission" ("content_type_id", "codename");
CREATE INDEX IF NOT EXISTS "auth_permission_content_type_id_2f476e4b" ON "auth_permission" ("content_type_id");
CREATE INDEX IF NOT EXISTS "django_session_expire_date_a5c62663" ON "django_session" ("expire_date");
CREATE INDEX IF NOT EXISTS "clients_client_vendedor_id_ae4443ef" ON "clients_client" ("vendedor_id");
CREATE INDEX IF NOT EXISTS "work_order_services_cod_cli_id_124d06e0" ON "work_order_work_order" ("cod_cli_id");
CREATE INDEX IF NOT EXISTS "work_order_services_cod_ser_id_9d427a2e" ON "work_order_work_order" ("cod_ser_id");
CREATE INDEX IF NOT EXISTS "work_order_services_cod_tec_id_7e53c444" ON "work_order_work_order" ("cod_tec_id");
CREATE INDEX IF NOT EXISTS "work_order_services_cod_user_id_fd182141" ON "work_order_work_order" ("cod_user_id");
CREATE INDEX IF NOT EXISTS "work_order_image_order_id_0026596c" ON "work_order_image" ("order_id");
CREATE TABLE IF NOT EXISTS "auth_user" ("id" integer NOT NULL PRIMARY KEY AUTOINCREMENT, "password" varchar(128) NOT NULL, "last_login" datetime NULL, "is_superuser" bool NOT NULL, "username" varchar(150) NOT NULL UNIQUE, "last_name" varchar(150) NOT NULL, "email" varchar(254) NOT NULL, "is_staff" bool NOT NULL, "is_active" bool NOT NULL, "date_joined" datetime NOT NULL, "first_name" varchar(150) NOT NULL);
INSERT INTO "auth_user" VALUES(1,'pbkdf2_sha256$390000$TUa1NGkG1coNcSQEr9GZbl$6zaOCZU57JVc2hN4WYr+t9p7Ff1Qpe3K5RYT4fiWpP0=','2023-04-07 17:11:39.996179',1,'Thiago','Machado','thiago@thiago.com',1,1,'2023-01-13 03:00:00','Thiago');
INSERT INTO "auth_user" VALUES(7,'pbkdf2_sha256$390000$KndfsdyowbCf1wYHDMliyw$RaqT0xErZSBC1/bBv1DqAraHV3ZPqDhJDECqElQsrIc=','2023-04-06 12:45:24.823392',0,'root','root','root@root.com',0,1,'2023-01-21 03:00:00','root');
INSERT INTO "auth_user" VALUES(9,'pbkdf2_sha256$390000$i2eQj22P887pLkenGWppkl$ObG0Bpyu2DY3D236v/OUOYeqtAX3LIU8II/8nMoVTEI=',NULL,0,'joão','jao','joao@joao.com',0,1,'2023-03-23 10:44:28.607108','jao');
INSERT INTO "auth_user" VALUES(10,'pbkdf2_sha256$390000$HACAOmQx6ZNt18ai7mOimO$dFv/SdcxFUhrSLxq6gdE81ArD25GTCnyHQf6i3XYO+Y=','2023-04-06 12:47:51.151202',1,'Silas','Carvalho Machado','silas@silas.com',1,1,'2023-03-23 03:00:00','Silas');
INSERT INTO "auth_user" VALUES(11,'pbkdf2_sha256$390000$8a8WPzoUCK3pYkmQTyThUc$ThEv7r4GWAtfsf+VhXCAseq8Fnj78fb6rNYOVQd6KT0=',NULL,0,'Charles','Silva','charles@charles.com',0,1,'2023-04-06 09:23:24.154560','Charles');
CREATE UNIQUE INDEX "auth_group_permissions_group_id_permission_id_0cd325b0_uniq" ON "auth_group_permissions" ("group_id", "permission_id");
CREATE INDEX IF NOT EXISTS "auth_group_permissions_group_id_b120cbf9" ON "auth_group_permissions" ("group_id");
CREATE INDEX IF NOT EXISTS "auth_group_permissions_permission_id_84c5c92e" ON "auth_group_permissions" ("permission_id");
CREATE UNIQUE INDEX "auth_user_groups_user_id_group_id_94350c0c_uniq" ON "auth_user_groups" ("user_id", "group_id");
CREATE INDEX IF NOT EXISTS "auth_user_groups_user_id_6a12ed8b" ON "auth_user_groups" ("user_id");
CREATE INDEX IF NOT EXISTS "auth_user_groups_group_id_97559544" ON "auth_user_groups" ("group_id");
CREATE UNIQUE INDEX "auth_user_user_permissions_user_id_permission_id_14a6b632_uniq" ON "auth_user_user_permissions" ("user_id", "permission_id");
CREATE INDEX IF NOT EXISTS "auth_user_user_permissions_user_id_a95ead1b" ON "auth_user_user_permissions" ("user_id");
CREATE INDEX IF NOT EXISTS "auth_user_user_permissions_permission_id_1fbb5f2c" ON "auth_user_user_permissions" ("permission_id");
CREATE INDEX IF NOT EXISTS "django_admin_log_content_type_id_c4bce8eb" ON "django_admin_log" ("content_type_id");
CREATE INDEX IF NOT EXISTS "django_admin_log_user_id_c564eba6" ON "django_admin_log" ("user_id");
CREATE UNIQUE INDEX "django_content_type_app_label_model_76bd3d3b_uniq" ON "django_content_type" ("app_label", "model");
CREATE UNIQUE INDEX "auth_permission_content_type_id_codename_01ab375a_uniq" ON "auth_permission" ("content_type_id", "codename");
CREATE INDEX IF NOT EXISTS "auth_permission_content_type_id_2f476e4b" ON "auth_permission" ("content_type_id");
CREATE INDEX IF NOT EXISTS "django_session_expire_date_a5c62663" ON "django_session" ("expire_date");
CREATE INDEX IF NOT EXISTS "clients_client_vendedor_id_ae4443ef" ON "clients_client" ("vendedor_id");
CREATE INDEX IF NOT EXISTS "work_order_services_cod_cli_id_124d06e0" ON "work_order_work_order" ("cod_cli_id");
CREATE INDEX IF NOT EXISTS "work_order_services_cod_ser_id_9d427a2e" ON "work_order_work_order" ("cod_ser_id");
CREATE INDEX IF NOT EXISTS "work_order_services_cod_tec_id_7e53c444" ON "work_order_work_order" ("cod_tec_id");
CREATE INDEX IF NOT EXISTS "work_order_services_cod_user_id_fd182141" ON "work_order_work_order" ("cod_user_id");
CREATE INDEX IF NOT EXISTS "work_order_image_order_id_0026596c" ON "work_order_image" ("order_id");
CREATE TABLE IF NOT EXISTS "auth_user_groups" ("id" integer NOT NULL PRIMARY KEY AUTOINCREMENT, "user_id" integer NOT NULL REFERENCES "auth_user" ("id") DEFERRABLE INITIALLY DEFERRED, "group_id" integer NOT NULL REFERENCES "auth_group" ("id") DEFERRABLE INITIALLY DEFERRED);
INSERT INTO "auth_user_groups" VALUES(3,7,2);
CREATE UNIQUE INDEX "auth_group_permissions_group_id_permission_id_0cd325b0_uniq" ON "auth_group_permissions" ("group_id", "permission_id");
CREATE INDEX IF NOT EXISTS "auth_group_permissions_group_id_b120cbf9" ON "auth_group_permissions" ("group_id");
CREATE INDEX IF NOT EXISTS "auth_group_permissions_permission_id_84c5c92e" ON "auth_group_permissions" ("permission_id");
CREATE UNIQUE INDEX "auth_user_groups_user_id_group_id_94350c0c_uniq" ON "auth_user_groups" ("user_id", "group_id");
CREATE INDEX IF NOT EXISTS "auth_user_groups_user_id_6a12ed8b" ON "auth_user_groups" ("user_id");
CREATE INDEX IF NOT EXISTS "auth_user_groups_group_id_97559544" ON "auth_user_groups" ("group_id");
CREATE UNIQUE INDEX "auth_user_user_permissions_user_id_permission_id_14a6b632_uniq" ON "auth_user_user_permissions" ("user_id", "permission_id");
CREATE INDEX IF NOT EXISTS "auth_user_user_permissions_user_id_a95ead1b" ON "auth_user_user_permissions" ("user_id");
CREATE INDEX IF NOT EXISTS "auth_user_user_permissions_permission_id_1fbb5f2c" ON "auth_user_user_permissions" ("permission_id");
CREATE INDEX IF NOT EXISTS "django_admin_log_content_type_id_c4bce8eb" ON "django_admin_log" ("content_type_id");
CREATE INDEX IF NOT EXISTS "django_admin_log_user_id_c564eba6" ON "django_admin_log" ("user_id");
CREATE UNIQUE INDEX "django_content_type_app_label_model_76bd3d3b_uniq" ON "django_content_type" ("app_label", "model");
CREATE UNIQUE INDEX "auth_permission_content_type_id_codename_01ab375a_uniq" ON "auth_permission" ("content_type_id", "codename");
CREATE INDEX IF NOT EXISTS "auth_permission_content_type_id_2f476e4b" ON "auth_permission" ("content_type_id");
CREATE INDEX IF NOT EXISTS "django_session_expire_date_a5c62663" ON "django_session" ("expire_date");
CREATE INDEX IF NOT EXISTS "clients_client_vendedor_id_ae4443ef" ON "clients_client" ("vendedor_id");
CREATE INDEX IF NOT EXISTS "work_order_services_cod_cli_id_124d06e0" ON "work_order_work_order" ("cod_cli_id");
CREATE INDEX IF NOT EXISTS "work_order_services_cod_ser_id_9d427a2e" ON "work_order_work_order" ("cod_ser_id");
CREATE INDEX IF NOT EXISTS "work_order_services_cod_tec_id_7e53c444" ON "work_order_work_order" ("cod_tec_id");
CREATE INDEX IF NOT EXISTS "work_order_services_cod_user_id_fd182141" ON "work_order_work_order" ("cod_user_id");
CREATE INDEX IF NOT EXISTS "work_order_image_order_id_0026596c" ON "work_order_image" ("order_id");
CREATE TABLE IF NOT EXISTS "auth_user_user_permissions" ("id" integer NOT NULL PRIMARY KEY AUTOINCREMENT, "user_id" integer NOT NULL REFERENCES "auth_user" ("id") DEFERRABLE INITIALLY DEFERRED, "permission_id" integer NOT NULL REFERENCES "auth_permission" ("id") DEFERRABLE INITIALLY DEFERRED);
INSERT INTO "auth_user_user_permissions" VALUES(1,7,8);
INSERT INTO "auth_user_user_permissions" VALUES(2,7,12);
INSERT INTO "auth_user_user_permissions" VALUES(3,7,16);
INSERT INTO "auth_user_user_permissions" VALUES(4,7,17);
INSERT INTO "auth_user_user_permissions" VALUES(5,7,18);
INSERT INTO "auth_user_user_permissions" VALUES(6,7,19);
INSERT INTO "auth_user_user_permissions" VALUES(7,7,20);
INSERT INTO "auth_user_user_permissions" VALUES(8,7,21);
INSERT INTO "auth_user_user_permissions" VALUES(9,7,22);
INSERT INTO "auth_user_user_permissions" VALUES(10,7,23);
INSERT INTO "auth_user_user_permissions" VALUES(11,7,24);
INSERT INTO "auth_user_user_permissions" VALUES(12,7,25);
INSERT INTO "auth_user_user_permissions" VALUES(13,7,26);
INSERT INTO "auth_user_user_permissions" VALUES(14,7,27);
INSERT INTO "auth_user_user_permissions" VALUES(15,7,28);
INSERT INTO "auth_user_user_permissions" VALUES(16,7,29);
INSERT INTO "auth_user_user_permissions" VALUES(17,7,30);
INSERT INTO "auth_user_user_permissions" VALUES(18,7,31);
INSERT INTO "auth_user_user_permissions" VALUES(19,7,32);
INSERT INTO "auth_user_user_permissions" VALUES(20,7,33);
INSERT INTO "auth_user_user_permissions" VALUES(21,7,34);
INSERT INTO "auth_user_user_permissions" VALUES(22,7,35);
INSERT INTO "auth_user_user_permissions" VALUES(23,7,36);
INSERT INTO "auth_user_user_permissions" VALUES(24,7,37);
INSERT INTO "auth_user_user_permissions" VALUES(25,7,38);
INSERT INTO "auth_user_user_permissions" VALUES(26,7,39);
INSERT INTO "auth_user_user_permissions" VALUES(27,7,40);
INSERT INTO "auth_user_user_permissions" VALUES(28,7,41);
INSERT INTO "auth_user_user_permissions" VALUES(29,7,42);
INSERT INTO "auth_user_user_permissions" VALUES(30,7,43);
INSERT INTO "auth_user_user_permissions" VALUES(31,7,44);
INSERT INTO "auth_user_user_permissions" VALUES(32,7,45);
INSERT INTO "auth_user_user_permissions" VALUES(33,7,46);
INSERT INTO "auth_user_user_permissions" VALUES(34,7,47);
INSERT INTO "auth_user_user_permissions" VALUES(35,7,48);
CREATE UNIQUE INDEX "auth_group_permissions_group_id_permission_id_0cd325b0_uniq" ON "auth_group_permissions" ("group_id", "permission_id");
CREATE INDEX IF NOT EXISTS "auth_group_permissions_group_id_b120cbf9" ON "auth_group_permissions" ("group_id");
CREATE INDEX IF NOT EXISTS "auth_group_permissions_permission_id_84c5c92e" ON "auth_group_permissions" ("permission_id");
CREATE UNIQUE INDEX "auth_user_groups_user_id_group_id_94350c0c_uniq" ON "auth_user_groups" ("user_id", "group_id");
CREATE INDEX IF NOT EXISTS "auth_user_groups_user_id_6a12ed8b" ON "auth_user_groups" ("user_id");
CREATE INDEX IF NOT EXISTS "auth_user_groups_group_id_97559544" ON "auth_user_groups" ("group_id");
CREATE UNIQUE INDEX "auth_user_user_permissions_user_id_permission_id_14a6b632_uniq" ON "auth_user_user_permissions" ("user_id", "permission_id");
CREATE INDEX IF NOT EXISTS "auth_user_user_permissions_user_id_a95ead1b" ON "auth_user_user_permissions" ("user_id");
CREATE INDEX IF NOT EXISTS "auth_user_user_permissions_permission_id_1fbb5f2c" ON "auth_user_user_permissions" ("permission_id");
CREATE INDEX IF NOT EXISTS "django_admin_log_content_type_id_c4bce8eb" ON "django_admin_log" ("content_type_id");
CREATE INDEX IF NOT EXISTS "django_admin_log_user_id_c564eba6" ON "django_admin_log" ("user_id");
CREATE UNIQUE INDEX "django_content_type_app_label_model_76bd3d3b_uniq" ON "django_content_type" ("app_label", "model");
CREATE UNIQUE INDEX "auth_permission_content_type_id_codename_01ab375a_uniq" ON "auth_permission" ("content_type_id", "codename");
CREATE INDEX IF NOT EXISTS "auth_permission_content_type_id_2f476e4b" ON "auth_permission" ("content_type_id");
CREATE INDEX IF NOT EXISTS "django_session_expire_date_a5c62663" ON "django_session" ("expire_date");
CREATE INDEX IF NOT EXISTS "clients_client_vendedor_id_ae4443ef" ON "clients_client" ("vendedor_id");
CREATE INDEX IF NOT EXISTS "work_order_services_cod_cli_id_124d06e0" ON "work_order_work_order" ("cod_cli_id");
CREATE INDEX IF NOT EXISTS "work_order_services_cod_ser_id_9d427a2e" ON "work_order_work_order" ("cod_ser_id");
CREATE INDEX IF NOT EXISTS "work_order_services_cod_tec_id_7e53c444" ON "work_order_work_order" ("cod_tec_id");
CREATE INDEX IF NOT EXISTS "work_order_services_cod_user_id_fd182141" ON "work_order_work_order" ("cod_user_id");
CREATE INDEX IF NOT EXISTS "work_order_image_order_id_0026596c" ON "work_order_image" ("order_id");
CREATE TABLE IF NOT EXISTS "clients_client" ("nome" varchar(50) NOT NULL, "rg" varchar(11) NULL, "cpf" varchar(20) NULL, "data_nasc" date NULL, "telefone" varchar(50) NULL, "celular" varchar(14) NULL, "whatsapp" varchar(14) NULL, "email" varchar(30) NULL, "data_cadastro" date NOT NULL, "foto" varchar(100) NULL, "ativo" bool NULL, "cod_cli" integer NOT NULL PRIMARY KEY AUTOINCREMENT, "bairro" varchar(50) NULL, "cep" varchar(9) NULL, "cidade" varchar(50) NULL, "compl" varchar(50) NULL, "numero" varchar(5) NULL, "rua" varchar(50) NULL, "tipo_cad" varchar(15) NOT NULL, "tipo_end" varchar(15) NOT NULL, "uf" varchar(20) NULL, "vendedor_id" integer NOT NULL REFERENCES "auth_user" ("id") DEFERRABLE INITIALLY DEFERRED);
INSERT INTO "clients_client" VALUES('THIAGO CARVALHO MACHADO','123456789','123456789','2023-01-04','1255784545','','','thiago@yahoo.com','2023-01-17','',1,23,'','12209000','São José dos Campos','1480','1589','','Pessoa Física','Residencial','',1);
INSERT INTO "clients_client" VALUES('Felicidade Carvalho Machado','54345635343','456452116348','1978-06-27','125445658756','12875867855','1258756588','thiago@yahoo.com','2023-01-17','',1,25,'Jd. bela Vista','12209-000','São José dos Campos','1480','1490','Avenida Rui Barbosa','Pessoa Física','Residencial','',1);
INSERT INTO "clients_client" VALUES('fabiano','','','1900-01-01','','','','','2023-01-19','',0,37,'','12209000','São José dos Campos','1480','1480','Av Rui Barbosa','Pessoa Física','Residencial','',1);
INSERT INTO "clients_client" VALUES('André','','','1900-01-01','','','','','2023-03-07','',0,45,'','','','','','','Pessoa Física','Residencial','',1);
INSERT INTO "clients_client" VALUES('',NULL,NULL,'1900-01-01',NULL,NULL,'',NULL,'2023-04-07','',1,87,NULL,NULL,NULL,NULL,NULL,NULL,'Pessoa Física','Residencial',NULL,1);
INSERT INTO "clients_client" VALUES('Maria',NULL,NULL,'1900-01-01',NULL,NULL,'1258756588',NULL,'2023-04-07','',1,88,NULL,NULL,NULL,NULL,NULL,NULL,'Pessoa Física','Residencial',NULL,1);
CREATE UNIQUE INDEX "auth_group_permissions_group_id_permission_id_0cd325b0_uniq" ON "auth_group_permissions" ("group_id", "permission_id");
CREATE INDEX IF NOT EXISTS "auth_group_permissions_group_id_b120cbf9" ON "auth_group_permissions" ("group_id");
CREATE INDEX IF NOT EXISTS "auth_group_permissions_permission_id_84c5c92e" ON "auth_group_permissions" ("permission_id");
CREATE UNIQUE INDEX "auth_user_groups_user_id_group_id_94350c0c_uniq" ON "auth_user_groups" ("user_id", "group_id");
CREATE INDEX IF NOT EXISTS "auth_user_groups_user_id_6a12ed8b" ON "auth_user_groups" ("user_id");
CREATE INDEX IF NOT EXISTS "auth_user_groups_group_id_97559544" ON "auth_user_groups" ("group_id");
CREATE UNIQUE INDEX "auth_user_user_permissions_user_id_permission_id_14a6b632_uniq" ON "auth_user_user_permissions" ("user_id", "permission_id");
CREATE INDEX IF NOT EXISTS "auth_user_user_permissions_user_id_a95ead1b" ON "auth_user_user_permissions" ("user_id");
CREATE INDEX IF NOT EXISTS "auth_user_user_permissions_permission_id_1fbb5f2c" ON "auth_user_user_permissions" ("permission_id");
CREATE INDEX IF NOT EXISTS "django_admin_log_content_type_id_c4bce8eb" ON "django_admin_log" ("content_type_id");
CREATE INDEX IF NOT EXISTS "django_admin_log_user_id_c564eba6" ON "django_admin_log" ("user_id");
CREATE UNIQUE INDEX "django_content_type_app_label_model_76bd3d3b_uniq" ON "django_content_type" ("app_label", "model");
CREATE UNIQUE INDEX "auth_permission_content_type_id_codename_01ab375a_uniq" ON "auth_permission" ("content_type_id", "codename");
CREATE INDEX IF NOT EXISTS "auth_permission_content_type_id_2f476e4b" ON "auth_permission" ("content_type_id");
CREATE INDEX IF NOT EXISTS "django_session_expire_date_a5c62663" ON "django_session" ("expire_date");
CREATE INDEX IF NOT EXISTS "clients_client_vendedor_id_ae4443ef" ON "clients_client" ("vendedor_id");
CREATE INDEX IF NOT EXISTS "work_order_services_cod_cli_id_124d06e0" ON "work_order_work_order" ("cod_cli_id");
CREATE INDEX IF NOT EXISTS "work_order_services_cod_ser_id_9d427a2e" ON "work_order_work_order" ("cod_ser_id");
CREATE INDEX IF NOT EXISTS "work_order_services_cod_tec_id_7e53c444" ON "work_order_work_order" ("cod_tec_id");
CREATE INDEX IF NOT EXISTS "work_order_services_cod_user_id_fd182141" ON "work_order_work_order" ("cod_user_id");
CREATE INDEX IF NOT EXISTS "work_order_image_order_id_0026596c" ON "work_order_image" ("order_id");
CREATE TABLE IF NOT EXISTS "config_config" ("id" integer NOT NULL PRIMARY KEY AUTOINCREMENT, "nome_empresa" varchar(100) NULL, "nome_fantasia" varchar(100) NULL, "responsavel" varchar(100) NULL, "atividade" varchar(100) NULL, "cnpj" varchar(20) NULL, "endereco" varchar(100) NULL, "numero" varchar(10) NULL, "bairro" varchar(50) NULL, "cidade" varchar(50) NULL, "estado" varchar(2) NULL, "cep" varchar(10) NULL, "logo1" varchar(100) NULL, "obs" text NULL, "data" date NULL, "logo2" varchar(100) NULL, "telefone" varchar(20) NULL, "whatsapp" varchar(20) NULL);
INSERT INTO "config_config" VALUES(2,'ServCenter','ServCenter','Silas','Recondicionamento de motores','11111111111','Rua vitorino Carmilo','10','Jd 3','São Paulo','24','12209000','logos/WhatsApp_Image_2023-01-08_at_18.46.38_ZwHlHEy.jpeg','',NULL,'logos/WhatsApp_Image_2023-01-08_at_18.46.38_1_LApb9xb.jpeg','11-321654987','11-231564987');
CREATE UNIQUE INDEX "auth_group_permissions_group_id_permission_id_0cd325b0_uniq" ON "auth_group_permissions" ("group_id", "permission_id");
CREATE INDEX IF NOT EXISTS "auth_group_permissions_group_id_b120cbf9" ON "auth_group_permissions" ("group_id");
CREATE INDEX IF NOT EXISTS "auth_group_permissions_permission_id_84c5c92e" ON "auth_group_permissions" ("permission_id");
CREATE UNIQUE INDEX "auth_user_groups_user_id_group_id_94350c0c_uniq" ON "auth_user_groups" ("user_id", "group_id");
CREATE INDEX IF NOT EXISTS "auth_user_groups_user_id_6a12ed8b" ON "auth_user_groups" ("user_id");
CREATE INDEX IF NOT EXISTS "auth_user_groups_group_id_97559544" ON "auth_user_groups" ("group_id");
CREATE UNIQUE INDEX "auth_user_user_permissions_user_id_permission_id_14a6b632_uniq" ON "auth_user_user_permissions" ("user_id", "permission_id");
CREATE INDEX IF NOT EXISTS "auth_user_user_permissions_user_id_a95ead1b" ON "auth_user_user_permissions" ("user_id");
CREATE INDEX IF NOT EXISTS "auth_user_user_permissions_permission_id_1fbb5f2c" ON "auth_user_user_permissions" ("permission_id");
CREATE INDEX IF NOT EXISTS "django_admin_log_content_type_id_c4bce8eb" ON "django_admin_log" ("content_type_id");
CREATE INDEX IF NOT EXISTS "django_admin_log_user_id_c564eba6" ON "django_admin_log" ("user_id");
CREATE UNIQUE INDEX "django_content_type_app_label_model_76bd3d3b_uniq" ON "django_content_type" ("app_label", "model");
CREATE UNIQUE INDEX "auth_permission_content_type_id_codename_01ab375a_uniq" ON "auth_permission" ("content_type_id", "codename");
CREATE INDEX IF NOT EXISTS "auth_permission_content_type_id_2f476e4b" ON "auth_permission" ("content_type_id");
CREATE INDEX IF NOT EXISTS "django_session_expire_date_a5c62663" ON "django_session" ("expire_date");
CREATE INDEX IF NOT EXISTS "clients_client_vendedor_id_ae4443ef" ON "clients_client" ("vendedor_id");
CREATE INDEX IF NOT EXISTS "work_order_services_cod_cli_id_124d06e0" ON "work_order_work_order" ("cod_cli_id");
CREATE INDEX IF NOT EXISTS "work_order_services_cod_ser_id_9d427a2e" ON "work_order_work_order" ("cod_ser_id");
CREATE INDEX IF NOT EXISTS "work_order_services_cod_tec_id_7e53c444" ON "work_order_work_order" ("cod_tec_id");
CREATE INDEX IF NOT EXISTS "work_order_services_cod_user_id_fd182141" ON "work_order_work_order" ("cod_user_id");
CREATE INDEX IF NOT EXISTS "work_order_image_order_id_0026596c" ON "work_order_image" ("order_id");
CREATE TABLE IF NOT EXISTS "django_admin_log" ("id" integer NOT NULL PRIMARY KEY AUTOINCREMENT, "object_id" text NULL, "object_repr" varchar(200) NOT NULL, "action_flag" smallint unsigned NOT NULL CHECK ("action_flag" >= 0), "change_message" text NOT NULL, "content_type_id" integer NULL REFERENCES "django_content_type" ("id") DEFERRABLE INITIALLY DEFERRED, "user_id" integer NOT NULL REFERENCES "auth_user" ("id") DEFERRABLE INITIALLY DEFERRED, "action_time" datetime NOT NULL);
INSERT INTO "django_admin_log" VALUES(1,'1','THIAGO CARVALHO MACHADO',1,'[{"added": {}}]',7,1,'2023-01-15 10:04:10.631432');
INSERT INTO "django_admin_log" VALUES(2,'1','THIAGO CARVALHO MACHADO',3,'',7,1,'2023-01-15 10:48:08.602346');
INSERT INTO "django_admin_log" VALUES(3,'1','João',1,'[{"added": {}}]',8,1,'2023-01-17 14:54:01.050805');
INSERT INTO "django_admin_log" VALUES(4,'1','Recondicionamento',1,'[{"added": {}}]',9,1,'2023-01-17 19:51:22.085675');
INSERT INTO "django_admin_log" VALUES(5,'1','tecnicos',1,'[{"added": {}}]',3,1,'2023-01-19 09:03:39.115474');
INSERT INTO "django_admin_log" VALUES(6,'3','pedro',2,'[{"changed": {"fields": ["Email address", "Groups"]}}]',4,1,'2023-01-19 10:06:42.586461');
INSERT INTO "django_admin_log" VALUES(7,'4','Joao',3,'',4,1,'2023-01-19 10:11:42.661764');
INSERT INTO "django_admin_log" VALUES(8,'3','pedro',3,'',4,1,'2023-01-19 10:11:42.670375');
INSERT INTO "django_admin_log" VALUES(9,'6','joao1',2,'[{"changed": {"fields": ["Groups"]}}]',4,1,'2023-01-19 10:18:57.666645');
INSERT INTO "django_admin_log" VALUES(10,'7','root',2,'[{"changed": {"fields": ["User permissions"]}}]',4,1,'2023-01-21 22:55:44.023984');
INSERT INTO "django_admin_log" VALUES(11,'3','Administradores',2,'[{"changed": {"fields": ["Permissions"]}}]',3,1,'2023-01-21 22:56:30.397337');
INSERT INTO "django_admin_log" VALUES(12,'1','Gerencia',2,'[]',3,1,'2023-01-21 22:57:36.265617');
INSERT INTO "django_admin_log" VALUES(13,'2','Tecnicos',2,'[]',3,1,'2023-01-21 22:58:32.607163');
INSERT INTO "django_admin_log" VALUES(14,'7','root',2,'[{"changed": {"fields": ["Groups"]}}]',4,1,'2023-01-21 23:01:28.801552');
INSERT INTO "django_admin_log" VALUES(15,'1','Tadeu da Silva',1,'[{"added": {}}]',12,1,'2023-03-07 21:32:33.256148');
INSERT INTO "django_admin_log" VALUES(16,'2','Pedro Costa',1,'[{"added": {}}]',12,1,'2023-03-07 21:32:59.081867');
INSERT INTO "django_admin_log" VALUES(17,'3','avulso',1,'[{"added": {}}]',12,1,'2023-03-07 21:33:24.736013');
INSERT INTO "django_admin_log" VALUES(18,'3','avulso',2,'[{"changed": {"fields": ["Movimento"]}}]',12,1,'2023-03-07 21:42:40.380924');
INSERT INTO "django_admin_log" VALUES(19,'2','Pedro Costa',2,'[{"changed": {"fields": ["Movimento"]}}]',12,1,'2023-03-07 21:42:49.028659');
INSERT INTO "django_admin_log" VALUES(20,'1','Tadeu da Silva',2,'[{"changed": {"fields": ["Movimento"]}}]',12,1,'2023-03-07 21:42:57.097050');
INSERT INTO "django_admin_log" VALUES(21,'6','pedro',2,'[{"changed": {"fields": ["Obs"]}}]',12,1,'2023-03-10 09:39:39.632475');
CREATE UNIQUE INDEX "auth_group_permissions_group_id_permission_id_0cd325b0_uniq" ON "auth_group_permissions" ("group_id", "permission_id");
CREATE INDEX IF NOT EXISTS "auth_group_permissions_group_id_b120cbf9" ON "auth_group_permissions" ("group_id");
CREATE INDEX IF NOT EXISTS "auth_group_permissions_permission_id_84c5c92e" ON "auth_group_permissions" ("permission_id");
CREATE UNIQUE INDEX "auth_user_groups_user_id_group_id_94350c0c_uniq" ON "auth_user_groups" ("user_id", "group_id");
CREATE INDEX IF NOT EXISTS "auth_user_groups_user_id_6a12ed8b" ON "auth_user_groups" ("user_id");
CREATE INDEX IF NOT EXISTS "auth_user_groups_group_id_97559544" ON "auth_user_groups" ("group_id");
CREATE UNIQUE INDEX "auth_user_user_permissions_user_id_permission_id_14a6b632_uniq" ON "auth_user_user_permissions" ("user_id", "permission_id");
CREATE INDEX IF NOT EXISTS "auth_user_user_permissions_user_id_a95ead1b" ON "auth_user_user_permissions" ("user_id");
CREATE INDEX IF NOT EXISTS "auth_user_user_permissions_permission_id_1fbb5f2c" ON "auth_user_user_permissions" ("permission_id");
CREATE INDEX IF NOT EXISTS "django_admin_log_content_type_id_c4bce8eb" ON "django_admin_log" ("content_type_id");
CREATE INDEX IF NOT EXISTS "django_admin_log_user_id_c564eba6" ON "django_admin_log" ("user_id");
CREATE UNIQUE INDEX "django_content_type_app_label_model_76bd3d3b_uniq" ON "django_content_type" ("app_label", "model");
CREATE UNIQUE INDEX "auth_permission_content_type_id_codename_01ab375a_uniq" ON "auth_permission" ("content_type_id", "codename");
CREATE INDEX IF NOT EXISTS "auth_permission_content_type_id_2f476e4b" ON "auth_permission" ("content_type_id");
CREATE INDEX IF NOT EXISTS "django_session_expire_date_a5c62663" ON "django_session" ("expire_date");
CREATE INDEX IF NOT EXISTS "clients_client_vendedor_id_ae4443ef" ON "clients_client" ("vendedor_id");
CREATE INDEX IF NOT EXISTS "work_order_services_cod_cli_id_124d06e0" ON "work_order_work_order" ("cod_cli_id");
CREATE INDEX IF NOT EXISTS "work_order_services_cod_ser_id_9d427a2e" ON "work_order_work_order" ("cod_ser_id");
CREATE INDEX IF NOT EXISTS "work_order_services_cod_tec_id_7e53c444" ON "work_order_work_order" ("cod_tec_id");
CREATE INDEX IF NOT EXISTS "work_order_services_cod_user_id_fd182141" ON "work_order_work_order" ("cod_user_id");
CREATE INDEX IF NOT EXISTS "work_order_image_order_id_0026596c" ON "work_order_image" ("order_id");
CREATE TABLE IF NOT EXISTS "django_content_type" ("id" integer NOT NULL PRIMARY KEY AUTOINCREMENT, "app_label" varchar(100) NOT NULL, "model" varchar(100) NOT NULL);
INSERT INTO "django_content_type" VALUES(1,'admin','logentry');
INSERT INTO "django_content_type" VALUES(2,'auth','permission');
INSERT INTO "django_content_type" VALUES(3,'auth','group');
INSERT INTO "django_content_type" VALUES(4,'auth','user');
INSERT INTO "django_content_type" VALUES(5,'contenttypes','contenttype');
INSERT INTO "django_content_type" VALUES(6,'sessions','session');
INSERT INTO "django_content_type" VALUES(7,'clients','client');
INSERT INTO "django_content_type" VALUES(8,'employees','employees');
INSERT INTO "django_content_type" VALUES(9,'services','services');
INSERT INTO "django_content_type" VALUES(10,'work_order','work_order');
INSERT INTO "django_content_type" VALUES(11,'work_order','image');
INSERT INTO "django_content_type" VALUES(12,'finance','finance');
INSERT INTO "django_content_type" VALUES(13,'config','config');
INSERT INTO "django_content_type" VALUES(14,'documents','documents');
CREATE UNIQUE INDEX "auth_group_permissions_group_id_permission_id_0cd325b0_uniq" ON "auth_group_permissions" ("group_id", "permission_id");
CREATE INDEX IF NOT EXISTS "auth_group_permissions_group_id_b120cbf9" ON "auth_group_permissions" ("group_id");
CREATE INDEX IF NOT EXISTS "auth_group_permissions_permission_id_84c5c92e" ON "auth_group_permissions" ("permission_id");
CREATE UNIQUE INDEX "auth_user_groups_user_id_group_id_94350c0c_uniq" ON "auth_user_groups" ("user_id", "group_id");
CREATE INDEX IF NOT EXISTS "auth_user_groups_user_id_6a12ed8b" ON "auth_user_groups" ("user_id");
CREATE INDEX IF NOT EXISTS "auth_user_groups_group_id_97559544" ON "auth_user_groups" ("group_id");
CREATE UNIQUE INDEX "auth_user_user_permissions_user_id_permission_id_14a6b632_uniq" ON "auth_user_user_permissions" ("user_id", "permission_id");
CREATE INDEX IF NOT EXISTS "auth_user_user_permissions_user_id_a95ead1b" ON "auth_user_user_permissions" ("user_id");
CREATE INDEX IF NOT EXISTS "auth_user_user_permissions_permission_id_1fbb5f2c" ON "auth_user_user_permissions" ("permission_id");
CREATE INDEX IF NOT EXISTS "django_admin_log_content_type_id_c4bce8eb" ON "django_admin_log" ("content_type_id");
CREATE INDEX IF NOT EXISTS "django_admin_log_user_id_c564eba6" ON "django_admin_log" ("user_id");
CREATE UNIQUE INDEX "django_content_type_app_label_model_76bd3d3b_uniq" ON "django_content_type" ("app_label", "model");
CREATE UNIQUE INDEX "auth_permission_content_type_id_codename_01ab375a_uniq" ON "auth_permission" ("content_type_id", "codename");
CREATE INDEX IF NOT EXISTS "auth_permission_content_type_id_2f476e4b" ON "auth_permission" ("content_type_id");
CREATE INDEX IF NOT EXISTS "django_session_expire_date_a5c62663" ON "django_session" ("expire_date");
CREATE INDEX IF NOT EXISTS "clients_client_vendedor_id_ae4443ef" ON "clients_client" ("vendedor_id");
CREATE INDEX IF NOT EXISTS "work_order_services_cod_cli_id_124d06e0" ON "work_order_work_order" ("cod_cli_id");
CREATE INDEX IF NOT EXISTS "work_order_services_cod_ser_id_9d427a2e" ON "work_order_work_order" ("cod_ser_id");
CREATE INDEX IF NOT EXISTS "work_order_services_cod_tec_id_7e53c444" ON "work_order_work_order" ("cod_tec_id");
CREATE INDEX IF NOT EXISTS "work_order_services_cod_user_id_fd182141" ON "work_order_work_order" ("cod_user_id");
CREATE INDEX IF NOT EXISTS "work_order_image_order_id_0026596c" ON "work_order_image" ("order_id");
CREATE TABLE IF NOT EXISTS "django_migrations" ("id" integer NOT NULL PRIMARY KEY AUTOINCREMENT, "app" varchar(255) NOT NULL, "name" varchar(255) NOT NULL, "applied" datetime NOT NULL);
INSERT INTO "django_migrations" VALUES(1,'contenttypes','0001_initial','2023-01-13 21:41:55.653584');
INSERT INTO "django_migrations" VALUES(2,'auth','0001_initial','2023-01-13 21:41:55.690592');
INSERT INTO "django_migrations" VALUES(3,'admin','0001_initial','2023-01-13 21:41:55.712591');
INSERT INTO "django_migrations" VALUES(4,'admin','0002_logentry_remove_auto_add','2023-01-13 21:41:55.733585');
INSERT INTO "django_migrations" VALUES(5,'admin','0003_logentry_add_action_flag_choices','2023-01-13 21:41:55.751586');
INSERT INTO "django_migrations" VALUES(6,'contenttypes','0002_remove_content_type_name','2023-01-13 21:41:55.792589');
INSERT INTO "django_migrations" VALUES(7,'auth','0002_alter_permission_name_max_length','2023-01-13 21:41:55.813588');
INSERT INTO "django_migrations" VALUES(8,'auth','0003_alter_user_email_max_length','2023-01-13 21:41:55.832589');
INSERT INTO "django_migrations" VALUES(9,'auth','0004_alter_user_username_opts','2023-01-13 21:41:55.847588');
INSERT INTO "django_migrations" VALUES(10,'auth','0005_alter_user_last_login_null','2023-01-13 21:41:55.866841');
INSERT INTO "django_migrations" VALUES(11,'auth','0006_require_contenttypes_0002','2023-01-13 21:41:55.873840');
INSERT INTO "django_migrations" VALUES(12,'auth','0007_alter_validators_add_error_messages','2023-01-13 21:41:55.890844');
INSERT INTO "django_migrations" VALUES(13,'auth','0008_alter_user_username_max_length','2023-01-13 21:41:55.916839');
INSERT INTO "django_migrations" VALUES(14,'auth','0009_alter_user_last_name_max_length','2023-01-13 21:41:55.939842');
INSERT INTO "django_migrations" VALUES(15,'auth','0010_alter_group_name_max_length','2023-01-13 21:41:55.962840');
INSERT INTO "django_migrations" VALUES(16,'auth','0011_update_proxy_permissions','2023-01-13 21:41:55.978844');
INSERT INTO "django_migrations" VALUES(17,'auth','0012_alter_user_first_name_max_length','2023-01-13 21:41:55.998840');
INSERT INTO "django_migrations" VALUES(18,'sessions','0001_initial','2023-01-13 21:41:56.012839');
INSERT INTO "django_migrations" VALUES(19,'clients','0001_initial','2023-01-14 20:42:19.293650');
INSERT INTO "django_migrations" VALUES(20,'clients','0002_alter_client_data_cadastro','2023-01-14 20:51:55.618721');
INSERT INTO "django_migrations" VALUES(21,'clients','0003_alter_client_celular_alter_client_cpf_and_more','2023-01-14 21:02:49.246784');
INSERT INTO "django_migrations" VALUES(22,'clients','0004_rename_situacao_client_ativo','2023-01-14 21:03:42.033078');
INSERT INTO "django_migrations" VALUES(23,'clients','0005_alter_client_ativo','2023-01-15 09:51:36.488170');
INSERT INTO "django_migrations" VALUES(24,'clients','0006_remove_client_id_client_cod_cli','2023-01-15 10:13:20.604956');
INSERT INTO "django_migrations" VALUES(25,'clients','0007_alter_client_ativo_alter_client_foto','2023-01-15 10:59:15.132106');
INSERT INTO "django_migrations" VALUES(26,'clients','0008_alter_client_ativo_alter_client_celular_and_more','2023-01-15 16:58:31.661373');
INSERT INTO "django_migrations" VALUES(27,'clients','0009_client_bairro_client_cep_client_cidade_client_compl_and_more','2023-01-16 11:48:29.517939');
INSERT INTO "django_migrations" VALUES(28,'clients','0010_alter_client_tipo_end_alter_client_vendedor','2023-01-16 12:29:28.495409');
INSERT INTO "django_migrations" VALUES(29,'clients','0011_alter_client_ativo','2023-01-16 12:34:28.741520');
INSERT INTO "django_migrations" VALUES(30,'clients','0012_alter_client_vendedor','2023-01-16 23:36:55.322850');
INSERT INTO "django_migrations" VALUES(31,'clients','0013_alter_client_vendedor','2023-01-16 23:36:55.341844');
INSERT INTO "django_migrations" VALUES(32,'clients','0014_alter_client_vendedor','2023-01-16 23:36:55.372847');
INSERT INTO "django_migrations" VALUES(33,'clients','0015_alter_client_vendedor','2023-01-16 23:36:55.394847');
INSERT INTO "django_migrations" VALUES(34,'clients','0016_alter_client_vendedor','2023-01-16 23:36:55.415849');
INSERT INTO "django_migrations" VALUES(35,'employees','0001_initial','2023-01-17 14:37:08.154634');
INSERT INTO "django_migrations" VALUES(36,'employees','0002_remove_employees_id_employees_cod','2023-01-17 15:21:46.775152');
INSERT INTO "django_migrations" VALUES(37,'services','0001_initial','2023-01-17 19:15:33.928007');
INSERT INTO "django_migrations" VALUES(38,'services','0002_alter_services_descr_alter_services_obs_and_more','2023-01-17 22:05:58.929825');
INSERT INTO "django_migrations" VALUES(39,'work_order','0001_initial','2023-01-18 15:26:04.145284');
INSERT INTO "django_migrations" VALUES(40,'work_order','0002_image','2023-01-18 15:30:08.788056');
INSERT INTO "django_migrations" VALUES(41,'work_order','0003_services_modo_pgto_services_obs_ser_and_more','2023-01-18 21:05:01.638236');
INSERT INTO "django_migrations" VALUES(42,'work_order','0004_rename_services_work_order_alter_image_order','2023-01-19 23:27:05.221086');
INSERT INTO "django_migrations" VALUES(43,'work_order','0005_rename_obs_work_order_obs_cli','2023-01-21 15:33:54.937287');
INSERT INTO "django_migrations" VALUES(44,'work_order','0006_work_order_whatsapp','2023-01-24 00:21:03.750548');
INSERT INTO "django_migrations" VALUES(45,'work_order','0007_rename_data_saída_work_order_data_saida','2023-01-24 00:40:52.451891');
INSERT INTO "django_migrations" VALUES(46,'finance','0001_initial','2023-03-07 21:25:35.237392');
INSERT INTO "django_migrations" VALUES(47,'finance','0002_rename_os_finance_obs','2023-03-09 22:44:32.351668');
INSERT INTO "django_migrations" VALUES(48,'config','0001_initial','2023-03-22 21:27:03.783441');
INSERT INTO "django_migrations" VALUES(49,'documents','0001_initial','2023-03-22 21:27:03.797450');
INSERT INTO "django_migrations" VALUES(50,'documents','0002_rename_document_documents','2023-03-22 21:28:49.396991');
INSERT INTO "django_migrations" VALUES(51,'config','0002_alter_config_logo1_alter_config_logo2','2023-03-22 22:07:05.176194');
INSERT INTO "django_migrations" VALUES(52,'finance','0003_finance_hora','2023-04-03 08:26:00.082801');
INSERT INTO "django_migrations" VALUES(53,'finance','0004_alter_finance_hora','2023-04-03 21:54:45.442989');
INSERT INTO "django_migrations" VALUES(54,'work_order','0008_alter_image_order','2023-04-04 07:33:14.785032');
INSERT INTO "django_migrations" VALUES(55,'work_order','0009_alter_image_photo','2023-04-04 21:50:21.721145');
INSERT INTO "django_migrations" VALUES(56,'finance','0005_finance_tipo_pgto','2023-04-05 16:30:25.061958');
INSERT INTO "django_migrations" VALUES(57,'finance','0006_alter_finance_hora','2023-04-05 17:56:26.345087');
INSERT INTO "django_migrations" VALUES(58,'finance','0007_alter_finance_hora','2023-04-05 19:01:20.793832');
INSERT INTO "django_migrations" VALUES(59,'finance','0008_alter_finance_hora','2023-04-05 19:01:20.839830');
INSERT INTO "django_migrations" VALUES(60,'finance','0009_remove_finance_hora','2023-04-05 19:01:20.859830');
INSERT INTO "django_migrations" VALUES(61,'finance','0010_finance_hora','2023-04-05 19:01:20.874834');
INSERT INTO "django_migrations" VALUES(62,'config','0003_config_telefone_config_whatsapp','2023-04-07 21:56:20.319388');
CREATE UNIQUE INDEX "auth_group_permissions_group_id_permission_id_0cd325b0_uniq" ON "auth_group_permissions" ("group_id", "permission_id");
CREATE INDEX IF NOT EXISTS "auth_group_permissions_group_id_b120cbf9" ON "auth_group_permissions" ("group_id");
CREATE INDEX IF NOT EXISTS "auth_group_permissions_permission_id_84c5c92e" ON "auth_group_permissions" ("permission_id");
CREATE UNIQUE INDEX "auth_user_groups_user_id_group_id_94350c0c_uniq" ON "auth_user_groups" ("user_id", "group_id");
CREATE INDEX IF NOT EXISTS "auth_user_groups_user_id_6a12ed8b" ON "auth_user_groups" ("user_id");
CREATE INDEX IF NOT EXISTS "auth_user_groups_group_id_97559544" ON "auth_user_groups" ("group_id");
CREATE UNIQUE INDEX "auth_user_user_permissions_user_id_permission_id_14a6b632_uniq" ON "auth_user_user_permissions" ("user_id", "permission_id");
CREATE INDEX IF NOT EXISTS "auth_user_user_permissions_user_id_a95ead1b" ON "auth_user_user_permissions" ("user_id");
CREATE INDEX IF NOT EXISTS "auth_user_user_permissions_permission_id_1fbb5f2c" ON "auth_user_user_permissions" ("permission_id");
CREATE INDEX IF NOT EXISTS "django_admin_log_content_type_id_c4bce8eb" ON "django_admin_log" ("content_type_id");
CREATE INDEX IF NOT EXISTS "django_admin_log_user_id_c564eba6" ON "django_admin_log" ("user_id");
CREATE UNIQUE INDEX "django_content_type_app_label_model_76bd3d3b_uniq" ON "django_content_type" ("app_label", "model");
CREATE UNIQUE INDEX "auth_permission_content_type_id_codename_01ab375a_uniq" ON "auth_permission" ("content_type_id", "codename");
CREATE INDEX IF NOT EXISTS "auth_permission_content_type_id_2f476e4b" ON "auth_permission" ("content_type_id");
CREATE INDEX IF NOT EXISTS "django_session_expire_date_a5c62663" ON "django_session" ("expire_date");
CREATE INDEX IF NOT EXISTS "clients_client_vendedor_id_ae4443ef" ON "clients_client" ("vendedor_id");
CREATE INDEX IF NOT EXISTS "work_order_services_cod_cli_id_124d06e0" ON "work_order_work_order" ("cod_cli_id");
CREATE INDEX IF NOT EXISTS "work_order_services_cod_ser_id_9d427a2e" ON "work_order_work_order" ("cod_ser_id");
CREATE INDEX IF NOT EXISTS "work_order_services_cod_tec_id_7e53c444" ON "work_order_work_order" ("cod_tec_id");
CREATE INDEX IF NOT EXISTS "work_order_services_cod_user_id_fd182141" ON "work_order_work_order" ("cod_user_id");
CREATE INDEX IF NOT EXISTS "work_order_image_order_id_0026596c" ON "work_order_image" ("order_id");
CREATE TABLE IF NOT EXISTS "django_session" ("session_key" varchar(40) NOT NULL PRIMARY KEY, "session_data" text NOT NULL, "expire_date" datetime NOT NULL);
INSERT INTO "django_session" VALUES('2ck2vxpmwxtzhgjz4803mmamkhrqhnu2','.eJxVjMsOwiAUBf-FtSFcKIS6dO83ELgPqRqalHZl_Hdt0oVuz8ycl0p5W2vaOi9pInVWoE6_W8n44LYDuud2mzXObV2mondFH7Tr60z8vBzu30HNvX5rF6JgDIOEGCw5J86xZ4OFwQNAAZOxQBTIow1DCRa9Jy8k3uBo2Kr3B9gIN8Q:1pIy13:iWVUVyjuwuwJBU9jytmunevtpAcSutC_Pe9wyIy-BYk','2023-02-03 20:29:37.109190');
INSERT INTO "django_session" VALUES('9p3qx9yyxlq0n8firb5k0fi6hnf0uru8','.eJxVjMEOwiAQBf-FsyEsFEJ79O43EFgWixow0CYa479rkx70-mbevJjz6zK7tVNzObKJATv8bsHjlcoG4sWXc-VYy9Jy4JvCd9r5qUa6HXf3LzD7Pn_fytiE1gzJWCOjUkkp0iQwEGgACCA8BrAJ_CjNEIxEraNOMWmBoyC5RTv1nmtx9Ljn9mSTeH8Afa4_AQ:1pJNGI:WWcG4lAZLvDVjHkzfBnTdBd0HIn8qBn9cOXP-gL4RNw','2023-02-04 23:27:02.747364');
INSERT INTO "django_session" VALUES('dp2j4iknpjw4751dm6k0264qiauqsjpj','.eJxVjMEOwiAQBf-FsyEsFEJ79O43EFgWixow0CYa479rkx70-mbevJjz6zK7tVNzObKJATv8bsHjlcoG4sWXc-VYy9Jy4JvCd9r5qUa6HXf3LzD7Pn_fytiE1gzJWCOjUkkp0iQwEGgACCA8BrAJ_CjNEIxEraNOMWmBoyC5RTv1nmtx9Ljn9mSTeH8Afa4_AQ:1pJNGy:FN9l550xfz0sk5sSluGXLtEqub0Vmvi7bO8sHQ1Gj3c','2023-02-04 23:27:44.658627');
INSERT INTO "django_session" VALUES('s2qlch6u31agbh965eqfkwaqloxvfqod','.eJxVjMEOwiAQBf-FsyEsFEJ79O43EFgWixow0CYa479rkx70-mbevJjz6zK7tVNzObKJATv8bsHjlcoG4sWXc-VYy9Jy4JvCd9r5qUa6HXf3LzD7Pn_fytiE1gzJWCOjUkkp0iQwEGgACCA8BrAJ_CjNEIxEraNOMWmBoyC5RTv1nmtx9Ljn9mSTeH8Afa4_AQ:1pK6wl:86epfnaeJ_voddg80fHlgZImW8nFwoiiHPDe-PVZC6U','2023-02-07 00:13:55.615830');
INSERT INTO "django_session" VALUES('oekyzpvpho1vot90vk301rhfizaqstwp','.eJxVjMEOwiAQBf-FsyEsFEJ79O43EFgWixow0CYa479rkx70-mbevJjz6zK7tVNzObKJATv8bsHjlcoG4sWXc-VYy9Jy4JvCd9r5qUa6HXf3LzD7Pn_fytiE1gzJWCOjUkkp0iQwEGgACCA8BrAJ_CjNEIxEraNOMWmBoyC5RTv1nmtx9Ljn9mSTeH8Afa4_AQ:1pZVUJ:K5ZiM0wtD6cNFRV1cj4iXOk3LaWkpxpSdkJ97edpbrU','2023-03-21 11:28:11.843780');
INSERT INTO "django_session" VALUES('immvtehwejscbkje7nfeni2b3u9j9363','.eJxVjMEOwiAQBf-FsyHQwEJ79O43EBYWixow0CYa479rkx70-mbevJjz6zK7tVNzObKJScEOvyP6cKWykXjx5Vx5qGVpGfmm8J12fqqRbsfd_QvMvs_fN6LC0UAkiyIaCEprTGCsV4LQCz2AlHZU2hKgSiYFoMEmD1EOkrSBLdqp91yLo8c9tyebxPsDvXA_Ug:1pfIWM:GsVBZCuAKSuiXym8nC1lhEeSrRlrkgkPkDvHXRCtufU','2023-04-06 10:50:14.962000');
INSERT INTO "django_session" VALUES('eyjtp2cj8yzix2m7fe0swlhgmhjxace7','.eJxVjMEOwiAQBf-FsyEsFEJ79O43EFgWixow0CYa479rkx70-mbevJjz6zK7tVNzObKJATv8bsHjlcoG4sWXc-VYy9Jy4JvCd9r5qUa6HXf3LzD7Pn_fytiE1gzJWCOjUkkp0iQwEGgACCA8BrAJ_CjNEIxEraNOMWmBoyC5RTv1nmtx9Ljn9mSTeH8Afa4_AQ:1pjDiS:3UdfqY-sFL0sUQyXnR6N-12qj88TdM76s7bQrbYfxQ0','2023-04-17 06:30:56.273461');
INSERT INTO "django_session" VALUES('u85m79aq9mgd1cmnowfviwtu305a43my','.eJxVjMEOwiAQBf-FsyEsFEJ79O43EFgWixow0CYa479rkx70-mbevJjz6zK7tVNzObKJATv8bsHjlcoG4sWXc-VYy9Jy4JvCd9r5qUa6HXf3LzD7Pn_fytiE1gzJWCOjUkkp0iQwEGgACCA8BrAJ_CjNEIxEraNOMWmBoyC5RTv1nmtx9Ljn9mSTeH8Afa4_AQ:1pjR3W:D3NCt6ED6phyPwH93VxgRhxG9t1FmmlHc1t7gU3brGM','2023-04-17 20:45:34.425768');
INSERT INTO "django_session" VALUES('htc6jct5luhpb5wzjkl9v04w4ocsm8ko','.eJxVjMEOwiAQBf-FsyEsFEJ79O43EFgWixow0CYa479rkx70-mbevJjz6zK7tVNzObKJATv8bsHjlcoG4sWXc-VYy9Jy4JvCd9r5qUa6HXf3LzD7Pn_fytiE1gzJWCOjUkkp0iQwEGgACCA8BrAJ_CjNEIxEraNOMWmBoyC5RTv1nmtx9Ljn9mSTeH8Afa4_AQ:1pjReW:Di9qBJyZ3yEW-uJw3DKKRgZQ-hbkKkNDjbGjXZPTJSI','2023-04-17 21:23:48.169136');
INSERT INTO "django_session" VALUES('lea5lktf1wz6op2ugqbhd6829c3p1yzv','.eJxVjMsOgjAQRf-la9P0QQFZuvcbmpnpVKqmJRQSjfHflYSFbu8597yEh3UZ_Vp59imIQWhx-N0Q6MZ5A-EK-VIklbzMCeWmyJ1WeS6B76fd_QuMUMfvm6GPhkKwgNG2oGKMpI0GarpGOTINOLTWsHWaUBEese-w7Zwi0xL0uEUr15pK9vyY0vwUg3p_ANB5QAo:1pkP60:1PTBKoPopIls_5Lnc8zMIYLUYpXny0hixjjiABwNfg8','2023-04-20 12:52:08.653724');
INSERT INTO "django_session" VALUES('izkv1icea2o96kb41iz7zz0oxpry6cgo','.eJxVjMsOgjAQRf-la9P0QQFZuvcbmpnpVKqmJRQSjfHflYSFbu8597yEh3UZ_Vp59imIQWhx-N0Q6MZ5A-EK-VIklbzMCeWmyJ1WeS6B76fd_QuMUMfvm6GPhkKwgNG2oGKMpI0GarpGOTINOLTWsHWaUBEese-w7Zwi0xL0uEUr15pK9vyY0vwUg3p_ANB5QAo:1pkP8u:khPr7P2RIV-gkRsQkggtbGvxZmhVldD9qgL7uNWp3fA','2023-04-20 12:55:08.560436');
INSERT INTO "django_session" VALUES('w16jvbpk5287m23rc2l1wxq1o27ounsg','.eJxVjMsOgjAQRf-la9P0QQFZuvcbmpnpVKqmJRQSjfHflYSFbu8597yEh3UZ_Vp59imIQWhx-N0Q6MZ5A-EK-VIklbzMCeWmyJ1WeS6B76fd_QuMUMfvm6GPhkKwgNG2oGKMpI0GarpGOTINOLTWsHWaUBEese-w7Zwi0xL0uEUr15pK9vyY0vwUg3p_ANB5QAo:1pkpci:oCp-_YYgqVFWxshf5J3dKIxZXDekrrdMz-FYfjm98Ec','2023-04-21 17:11:40.003408');
CREATE UNIQUE INDEX "auth_group_permissions_group_id_permission_id_0cd325b0_uniq" ON "auth_group_permissions" ("group_id", "permission_id");
CREATE INDEX IF NOT EXISTS "auth_group_permissions_group_id_b120cbf9" ON "auth_group_permissions" ("group_id");
CREATE INDEX IF NOT EXISTS "auth_group_permissions_permission_id_84c5c92e" ON "auth_group_permissions" ("permission_id");
CREATE UNIQUE INDEX "auth_user_groups_user_id_group_id_94350c0c_uniq" ON "auth_user_groups" ("user_id", "group_id");
CREATE INDEX IF NOT EXISTS "auth_user_groups_user_id_6a12ed8b" ON "auth_user_groups" ("user_id");
CREATE INDEX IF NOT EXISTS "auth_user_groups_group_id_97559544" ON "auth_user_groups" ("group_id");
CREATE UNIQUE INDEX "auth_user_user_permissions_user_id_permission_id_14a6b632_uniq" ON "auth_user_user_permissions" ("user_id", "permission_id");
CREATE INDEX IF NOT EXISTS "auth_user_user_permissions_user_id_a95ead1b" ON "auth_user_user_permissions" ("user_id");
CREATE INDEX IF NOT EXISTS "auth_user_user_permissions_permission_id_1fbb5f2c" ON "auth_user_user_permissions" ("permission_id");
CREATE INDEX IF NOT EXISTS "django_admin_log_content_type_id_c4bce8eb" ON "django_admin_log" ("content_type_id");
CREATE INDEX IF NOT EXISTS "django_admin_log_user_id_c564eba6" ON "django_admin_log" ("user_id");
CREATE UNIQUE INDEX "django_content_type_app_label_model_76bd3d3b_uniq" ON "django_content_type" ("app_label", "model");
CREATE UNIQUE INDEX "auth_permission_content_type_id_codename_01ab375a_uniq" ON "auth_permission" ("content_type_id", "codename");
CREATE INDEX IF NOT EXISTS "auth_permission_content_type_id_2f476e4b" ON "auth_permission" ("content_type_id");
CREATE INDEX IF NOT EXISTS "django_session_expire_date_a5c62663" ON "django_session" ("expire_date");
CREATE INDEX IF NOT EXISTS "clients_client_vendedor_id_ae4443ef" ON "clients_client" ("vendedor_id");
CREATE INDEX IF NOT EXISTS "work_order_services_cod_cli_id_124d06e0" ON "work_order_work_order" ("cod_cli_id");
CREATE INDEX IF NOT EXISTS "work_order_services_cod_ser_id_9d427a2e" ON "work_order_work_order" ("cod_ser_id");
CREATE INDEX IF NOT EXISTS "work_order_services_cod_tec_id_7e53c444" ON "work_order_work_order" ("cod_tec_id");
CREATE INDEX IF NOT EXISTS "work_order_services_cod_user_id_fd182141" ON "work_order_work_order" ("cod_user_id");
CREATE INDEX IF NOT EXISTS "work_order_image_order_id_0026596c" ON "work_order_image" ("order_id");
CREATE TABLE IF NOT EXISTS "documents_documents" ("id" integer NOT NULL PRIMARY KEY AUTOINCREMENT, "documento" varchar(100) NULL, "texto" text NULL, "arquivo" varchar(100) NULL, "foto" varchar(100) NULL, "data" date NULL, "obs" text NULL);
CREATE UNIQUE INDEX "auth_group_permissions_group_id_permission_id_0cd325b0_uniq" ON "auth_group_permissions" ("group_id", "permission_id");
CREATE INDEX IF NOT EXISTS "auth_group_permissions_group_id_b120cbf9" ON "auth_group_permissions" ("group_id");
CREATE INDEX IF NOT EXISTS "auth_group_permissions_permission_id_84c5c92e" ON "auth_group_permissions" ("permission_id");
CREATE UNIQUE INDEX "auth_user_groups_user_id_group_id_94350c0c_uniq" ON "auth_user_groups" ("user_id", "group_id");
CREATE INDEX IF NOT EXISTS "auth_user_groups_user_id_6a12ed8b" ON "auth_user_groups" ("user_id");
CREATE INDEX IF NOT EXISTS "auth_user_groups_group_id_97559544" ON "auth_user_groups" ("group_id");
CREATE UNIQUE INDEX "auth_user_user_permissions_user_id_permission_id_14a6b632_uniq" ON "auth_user_user_permissions" ("user_id", "permission_id");
CREATE INDEX IF NOT EXISTS "auth_user_user_permissions_user_id_a95ead1b" ON "auth_user_user_permissions" ("user_id");
CREATE INDEX IF NOT EXISTS "auth_user_user_permissions_permission_id_1fbb5f2c" ON "auth_user_user_permissions" ("permission_id");
CREATE INDEX IF NOT EXISTS "django_admin_log_content_type_id_c4bce8eb" ON "django_admin_log" ("content_type_id");
CREATE INDEX IF NOT EXISTS "django_admin_log_user_id_c564eba6" ON "django_admin_log" ("user_id");
CREATE UNIQUE INDEX "django_content_type_app_label_model_76bd3d3b_uniq" ON "django_content_type" ("app_label", "model");
CREATE UNIQUE INDEX "auth_permission_content_type_id_codename_01ab375a_uniq" ON "auth_permission" ("content_type_id", "codename");
CREATE INDEX IF NOT EXISTS "auth_permission_content_type_id_2f476e4b" ON "auth_permission" ("content_type_id");
CREATE INDEX IF NOT EXISTS "django_session_expire_date_a5c62663" ON "django_session" ("expire_date");
CREATE INDEX IF NOT EXISTS "clients_client_vendedor_id_ae4443ef" ON "clients_client" ("vendedor_id");
CREATE INDEX IF NOT EXISTS "work_order_services_cod_cli_id_124d06e0" ON "work_order_work_order" ("cod_cli_id");
CREATE INDEX IF NOT EXISTS "work_order_services_cod_ser_id_9d427a2e" ON "work_order_work_order" ("cod_ser_id");
CREATE INDEX IF NOT EXISTS "work_order_services_cod_tec_id_7e53c444" ON "work_order_work_order" ("cod_tec_id");
CREATE INDEX IF NOT EXISTS "work_order_services_cod_user_id_fd182141" ON "work_order_work_order" ("cod_user_id");
CREATE INDEX IF NOT EXISTS "work_order_image_order_id_0026596c" ON "work_order_image" ("order_id");
CREATE TABLE IF NOT EXISTS "employees_employees" ("func" varchar(15) NOT NULL, "nome" varchar(50) NOT NULL, "rg" varchar(11) NULL, "cpf" varchar(20) NULL, "data_nasc" date NULL, "telefone" varchar(50) NULL, "celular" varchar(14) NULL, "whatsapp" varchar(14) NULL, "email" varchar(30) NULL, "ativo" bool NULL, "data_cadastro" date NOT NULL, "foto" varchar(100) NULL, "tipo_end" varchar(15) NOT NULL, "rua" varchar(50) NULL, "numero" varchar(5) NULL, "compl" varchar(50) NULL, "bairro" varchar(50) NULL, "cidade" varchar(50) NULL, "uf" varchar(20) NULL, "cep" varchar(9) NULL, "cod" integer NOT NULL PRIMARY KEY AUTOINCREMENT);
INSERT INTO "employees_employees" VALUES('Gerente','João','49412148546','84556481','2020-07-06','115645649845','21248456454.','54545645644','joao@joao',1,'2023-01-17','','Residencial','Rua 2','20','Esquina','Jd 3','quarto','','12465187',1);
INSERT INTO "employees_employees" VALUES('Pessoa Jurídica','Thiago','4645345354','22524159833','2023-01-03','12992356793','12992356793','12992356793','thiagocmachado@yahoo.com.br',1,'2023-01-17','','Comercial','Rua Scorpius','737','148','Jd. bela Vista','São José dos Campos','','12209000',2);
INSERT INTO "employees_employees" VALUES('Pessoa Jurídica','Felicidade Carvalho Machado','4645345354','22524159833','2023-01-06','12992356793','12992356793','12992356793','thiagocmachado@yahoo.com.br',0,'2023-01-17','','Comercial','Avenida Rui Barbosa','148','148','Jd. bela Vista','São José dos Campos','São Paulo','12209-000',3);
INSERT INTO "employees_employees" VALUES('Pessoa Física','Marcos','','','1900-01-01','','','','',0,'2023-01-21','','Residencial','','','','','','','',4);
INSERT INTO "employees_employees" VALUES('Pessoa Física','Silas','','','1900-01-01','','','','',1,'2023-03-12','','Residencial','','','','','','','',5);
CREATE UNIQUE INDEX "auth_group_permissions_group_id_permission_id_0cd325b0_uniq" ON "auth_group_permissions" ("group_id", "permission_id");
CREATE INDEX IF NOT EXISTS "auth_group_permissions_group_id_b120cbf9" ON "auth_group_permissions" ("group_id");
CREATE INDEX IF NOT EXISTS "auth_group_permissions_permission_id_84c5c92e" ON "auth_group_permissions" ("permission_id");
CREATE UNIQUE INDEX "auth_user_groups_user_id_group_id_94350c0c_uniq" ON "auth_user_groups" ("user_id", "group_id");
CREATE INDEX IF NOT EXISTS "auth_user_groups_user_id_6a12ed8b" ON "auth_user_groups" ("user_id");
CREATE INDEX IF NOT EXISTS "auth_user_groups_group_id_97559544" ON "auth_user_groups" ("group_id");
CREATE UNIQUE INDEX "auth_user_user_permissions_user_id_permission_id_14a6b632_uniq" ON "auth_user_user_permissions" ("user_id", "permission_id");
CREATE INDEX IF NOT EXISTS "auth_user_user_permissions_user_id_a95ead1b" ON "auth_user_user_permissions" ("user_id");
CREATE INDEX IF NOT EXISTS "auth_user_user_permissions_permission_id_1fbb5f2c" ON "auth_user_user_permissions" ("permission_id");
CREATE INDEX IF NOT EXISTS "django_admin_log_content_type_id_c4bce8eb" ON "django_admin_log" ("content_type_id");
CREATE INDEX IF NOT EXISTS "django_admin_log_user_id_c564eba6" ON "django_admin_log" ("user_id");
CREATE UNIQUE INDEX "django_content_type_app_label_model_76bd3d3b_uniq" ON "django_content_type" ("app_label", "model");
CREATE UNIQUE INDEX "auth_permission_content_type_id_codename_01ab375a_uniq" ON "auth_permission" ("content_type_id", "codename");
CREATE INDEX IF NOT EXISTS "auth_permission_content_type_id_2f476e4b" ON "auth_permission" ("content_type_id");
CREATE INDEX IF NOT EXISTS "django_session_expire_date_a5c62663" ON "django_session" ("expire_date");
CREATE INDEX IF NOT EXISTS "clients_client_vendedor_id_ae4443ef" ON "clients_client" ("vendedor_id");
CREATE INDEX IF NOT EXISTS "work_order_services_cod_cli_id_124d06e0" ON "work_order_work_order" ("cod_cli_id");
CREATE INDEX IF NOT EXISTS "work_order_services_cod_ser_id_9d427a2e" ON "work_order_work_order" ("cod_ser_id");
CREATE INDEX IF NOT EXISTS "work_order_services_cod_tec_id_7e53c444" ON "work_order_work_order" ("cod_tec_id");
CREATE INDEX IF NOT EXISTS "work_order_services_cod_user_id_fd182141" ON "work_order_work_order" ("cod_user_id");
CREATE INDEX IF NOT EXISTS "work_order_image_order_id_0026596c" ON "work_order_image" ("order_id");
CREATE TABLE IF NOT EXISTS "finance_finance" ("id" integer NOT NULL PRIMARY KEY AUTOINCREMENT, "nome" varchar(50) NULL, "data" date NOT NULL, "valor" varchar(10) NULL, "movimento" varchar(10) NULL, "obs" varchar(6) NULL, "tipo_pgto" varchar(10) NULL, "hora" varchar(10) NULL);
INSERT INTO "finance_finance" VALUES(1,'THIAGO CARVALHO MACHADO','2023-04-05','R$ 100.0','entrada','Motor','PIX','16:03:57.247585');
INSERT INTO "finance_finance" VALUES(2,'Marcos','2023-04-05','R$ 100.0','entrada','dinhero pro cafe','PIX','17:50:33.467056');
INSERT INTO "finance_finance" VALUES(3,'Marcos','2023-04-06','R$ 150.0','entrada','Motor','Débito','19:19:51.891170');
INSERT INTO "finance_finance" VALUES(4,'Pedro','2023-04-06','R$ 200.0','entrada','Rolamento','Débito','19:19:51.891170');
INSERT INTO "finance_finance" VALUES(5,'Marcos','2023-04-06','R$ 20.0','entrada','Motor','Depósito','06:20:44.327474');
INSERT INTO "finance_finance" VALUES(6,'Julie Aparecida Mattias Machado','2023-04-06','R$ 150.0','entrada','Rolamento','Depósito','06:30:12.738052');
INSERT INTO "finance_finance" VALUES(7,'Pedro','2023-04-06','R$ 100.0','entrada','dinhero pro cafe','Débito','08:37:50.280733');
INSERT INTO "finance_finance" VALUES(8,'Marcos','2023-04-06','R$ 150.0','entrada','Rolamento','Boleto','08:37:50.280733');
INSERT INTO "finance_finance" VALUES(9,'Pedro','2023-04-06','R$ 150.0','entrada','Motor','PIX','09:06:18.220127');
INSERT INTO "finance_finance" VALUES(10,'Pedro','2023-04-06','R$ 80.0','entrada','Rolamento','Boleto','10:20:19.394410');
INSERT INTO "finance_finance" VALUES(11,'André','2023-04-07','R$ 197,00','saída','Pagamento adiantado da OS: Motor','Dinheiro','14:42:26.831795');
INSERT INTO "finance_finance" VALUES(12,'Marcos','2023-04-07','R$ 100.0','entrada','Motor','PIX','14:46:21.536356');
INSERT INTO "finance_finance" VALUES(13,'','2023-04-07','R$ 150.2','entrada','','','14:46:21.536356');
INSERT INTO "finance_finance" VALUES(14,'Felicidade Carvalho Machado','2023-04-07','R$ 199,00','entrada','Pagamento adiantado da OS: Motor','Débito','14:56:48.144653');
INSERT INTO "finance_finance" VALUES(15,'THIAGO CARVALHO MACHADO','2023-04-07','R$ 150.0','saída','Rolamento',NULL,'15:08:18.996156');
INSERT INTO "finance_finance" VALUES(16,'Marcos','2023-04-07','R$ 150.0','saída','Rolamento','PIX','15:08:18.996156');
INSERT INTO "finance_finance" VALUES(17,'THIAGO CARVALHO MACHADO','2023-04-08','R$ 150.0','entrada','Motor','PIX','09:08:05.026770');
CREATE UNIQUE INDEX "auth_group_permissions_group_id_permission_id_0cd325b0_uniq" ON "auth_group_permissions" ("group_id", "permission_id");
CREATE INDEX IF NOT EXISTS "auth_group_permissions_group_id_b120cbf9" ON "auth_group_permissions" ("group_id");
CREATE INDEX IF NOT EXISTS "auth_group_permissions_permission_id_84c5c92e" ON "auth_group_permissions" ("permission_id");
CREATE UNIQUE INDEX "auth_user_groups_user_id_group_id_94350c0c_uniq" ON "auth_user_groups" ("user_id", "group_id");
CREATE INDEX IF NOT EXISTS "auth_user_groups_user_id_6a12ed8b" ON "auth_user_groups" ("user_id");
CREATE INDEX IF NOT EXISTS "auth_user_groups_group_id_97559544" ON "auth_user_groups" ("group_id");
CREATE UNIQUE INDEX "auth_user_user_permissions_user_id_permission_id_14a6b632_uniq" ON "auth_user_user_permissions" ("user_id", "permission_id");
CREATE INDEX IF NOT EXISTS "auth_user_user_permissions_user_id_a95ead1b" ON "auth_user_user_permissions" ("user_id");
CREATE INDEX IF NOT EXISTS "auth_user_user_permissions_permission_id_1fbb5f2c" ON "auth_user_user_permissions" ("permission_id");
CREATE INDEX IF NOT EXISTS "django_admin_log_content_type_id_c4bce8eb" ON "django_admin_log" ("content_type_id");
CREATE INDEX IF NOT EXISTS "django_admin_log_user_id_c564eba6" ON "django_admin_log" ("user_id");
CREATE UNIQUE INDEX "django_content_type_app_label_model_76bd3d3b_uniq" ON "django_content_type" ("app_label", "model");
CREATE UNIQUE INDEX "auth_permission_content_type_id_codename_01ab375a_uniq" ON "auth_permission" ("content_type_id", "codename");
CREATE INDEX IF NOT EXISTS "auth_permission_content_type_id_2f476e4b" ON "auth_permission" ("content_type_id");
CREATE INDEX IF NOT EXISTS "django_session_expire_date_a5c62663" ON "django_session" ("expire_date");
CREATE INDEX IF NOT EXISTS "clients_client_vendedor_id_ae4443ef" ON "clients_client" ("vendedor_id");
CREATE INDEX IF NOT EXISTS "work_order_services_cod_cli_id_124d06e0" ON "work_order_work_order" ("cod_cli_id");
CREATE INDEX IF NOT EXISTS "work_order_services_cod_ser_id_9d427a2e" ON "work_order_work_order" ("cod_ser_id");
CREATE INDEX IF NOT EXISTS "work_order_services_cod_tec_id_7e53c444" ON "work_order_work_order" ("cod_tec_id");
CREATE INDEX IF NOT EXISTS "work_order_services_cod_user_id_fd182141" ON "work_order_work_order" ("cod_user_id");
CREATE INDEX IF NOT EXISTS "work_order_image_order_id_0026596c" ON "work_order_image" ("order_id");
CREATE TABLE IF NOT EXISTS "services_services" ("cod" integer NOT NULL PRIMARY KEY AUTOINCREMENT, "nome" varchar(50) NOT NULL, "descr" varchar(50) NULL, "valor" varchar(20) NULL, "obs" varchar(50) NULL, "data_cadastro" date NOT NULL, "foto" varchar(100) NULL, "tipo" varchar(20) NOT NULL);
INSERT INTO "services_services" VALUES(1,'Recondicionamento','recondicionamento','180',NULL,'2023-01-17','','Motor');
INSERT INTO "services_services" VALUES(2,'Recondicionamento','Recondicionamento','None',NULL,'2023-01-17','','Motor');
INSERT INTO "services_services" VALUES(3,'Recondicionamento','Recondicionamento','None',NULL,'2023-01-18','','Motor');
CREATE UNIQUE INDEX "auth_group_permissions_group_id_permission_id_0cd325b0_uniq" ON "auth_group_permissions" ("group_id", "permission_id");
CREATE INDEX IF NOT EXISTS "auth_group_permissions_group_id_b120cbf9" ON "auth_group_permissions" ("group_id");
CREATE INDEX IF NOT EXISTS "auth_group_permissions_permission_id_84c5c92e" ON "auth_group_permissions" ("permission_id");
CREATE UNIQUE INDEX "auth_user_groups_user_id_group_id_94350c0c_uniq" ON "auth_user_groups" ("user_id", "group_id");
CREATE INDEX IF NOT EXISTS "auth_user_groups_user_id_6a12ed8b" ON "auth_user_groups" ("user_id");
CREATE INDEX IF NOT EXISTS "auth_user_groups_group_id_97559544" ON "auth_user_groups" ("group_id");
CREATE UNIQUE INDEX "auth_user_user_permissions_user_id_permission_id_14a6b632_uniq" ON "auth_user_user_permissions" ("user_id", "permission_id");
CREATE INDEX IF NOT EXISTS "auth_user_user_permissions_user_id_a95ead1b" ON "auth_user_user_permissions" ("user_id");
CREATE INDEX IF NOT EXISTS "auth_user_user_permissions_permission_id_1fbb5f2c" ON "auth_user_user_permissions" ("permission_id");
CREATE INDEX IF NOT EXISTS "django_admin_log_content_type_id_c4bce8eb" ON "django_admin_log" ("content_type_id");
CREATE INDEX IF NOT EXISTS "django_admin_log_user_id_c564eba6" ON "django_admin_log" ("user_id");
CREATE UNIQUE INDEX "django_content_type_app_label_model_76bd3d3b_uniq" ON "django_content_type" ("app_label", "model");
CREATE UNIQUE INDEX "auth_permission_content_type_id_codename_01ab375a_uniq" ON "auth_permission" ("content_type_id", "codename");
CREATE INDEX IF NOT EXISTS "auth_permission_content_type_id_2f476e4b" ON "auth_permission" ("content_type_id");
CREATE INDEX IF NOT EXISTS "django_session_expire_date_a5c62663" ON "django_session" ("expire_date");
CREATE INDEX IF NOT EXISTS "clients_client_vendedor_id_ae4443ef" ON "clients_client" ("vendedor_id");
CREATE INDEX IF NOT EXISTS "work_order_services_cod_cli_id_124d06e0" ON "work_order_work_order" ("cod_cli_id");
CREATE INDEX IF NOT EXISTS "work_order_services_cod_ser_id_9d427a2e" ON "work_order_work_order" ("cod_ser_id");
CREATE INDEX IF NOT EXISTS "work_order_services_cod_tec_id_7e53c444" ON "work_order_work_order" ("cod_tec_id");
CREATE INDEX IF NOT EXISTS "work_order_services_cod_user_id_fd182141" ON "work_order_work_order" ("cod_user_id");
CREATE INDEX IF NOT EXISTS "work_order_image_order_id_0026596c" ON "work_order_image" ("order_id");
CREATE TABLE IF NOT EXISTS "work_order_image" ("id" integer NOT NULL PRIMARY KEY AUTOINCREMENT, "order_id" bigint NOT NULL REFERENCES "work_order_work_order" ("id") DEFERRABLE INITIALLY DEFERRED, "photo" varchar(100) NOT NULL);
CREATE UNIQUE INDEX "auth_group_permissions_group_id_permission_id_0cd325b0_uniq" ON "auth_group_permissions" ("group_id", "permission_id");
CREATE INDEX IF NOT EXISTS "auth_group_permissions_group_id_b120cbf9" ON "auth_group_permissions" ("group_id");
CREATE INDEX IF NOT EXISTS "auth_group_permissions_permission_id_84c5c92e" ON "auth_group_permissions" ("permission_id");
CREATE UNIQUE INDEX "auth_user_groups_user_id_group_id_94350c0c_uniq" ON "auth_user_groups" ("user_id", "group_id");
CREATE INDEX IF NOT EXISTS "auth_user_groups_user_id_6a12ed8b" ON "auth_user_groups" ("user_id");
CREATE INDEX IF NOT EXISTS "auth_user_groups_group_id_97559544" ON "auth_user_groups" ("group_id");
CREATE UNIQUE INDEX "auth_user_user_permissions_user_id_permission_id_14a6b632_uniq" ON "auth_user_user_permissions" ("user_id", "permission_id");
CREATE INDEX IF NOT EXISTS "auth_user_user_permissions_user_id_a95ead1b" ON "auth_user_user_permissions" ("user_id");
CREATE INDEX IF NOT EXISTS "auth_user_user_permissions_permission_id_1fbb5f2c" ON "auth_user_user_permissions" ("permission_id");
CREATE INDEX IF NOT EXISTS "django_admin_log_content_type_id_c4bce8eb" ON "django_admin_log" ("content_type_id");
CREATE INDEX IF NOT EXISTS "django_admin_log_user_id_c564eba6" ON "django_admin_log" ("user_id");
CREATE UNIQUE INDEX "django_content_type_app_label_model_76bd3d3b_uniq" ON "django_content_type" ("app_label", "model");
CREATE UNIQUE INDEX "auth_permission_content_type_id_codename_01ab375a_uniq" ON "auth_permission" ("content_type_id", "codename");
CREATE INDEX IF NOT EXISTS "auth_permission_content_type_id_2f476e4b" ON "auth_permission" ("content_type_id");
CREATE INDEX IF NOT EXISTS "django_session_expire_date_a5c62663" ON "django_session" ("expire_date");
CREATE INDEX IF NOT EXISTS "clients_client_vendedor_id_ae4443ef" ON "clients_client" ("vendedor_id");
CREATE INDEX IF NOT EXISTS "work_order_services_cod_cli_id_124d06e0" ON "work_order_work_order" ("cod_cli_id");
CREATE INDEX IF NOT EXISTS "work_order_services_cod_ser_id_9d427a2e" ON "work_order_work_order" ("cod_ser_id");
CREATE INDEX IF NOT EXISTS "work_order_services_cod_tec_id_7e53c444" ON "work_order_work_order" ("cod_tec_id");
CREATE INDEX IF NOT EXISTS "work_order_services_cod_user_id_fd182141" ON "work_order_work_order" ("cod_user_id");
CREATE INDEX IF NOT EXISTS "work_order_image_order_id_0026596c" ON "work_order_image" ("order_id");
CREATE TABLE IF NOT EXISTS "work_order_work_order" ("id" integer NOT NULL PRIMARY KEY AUTOINCREMENT, "data_entrada" date NOT NULL, "status" varchar(20) NULL, "produto" varchar(20) NULL, "marca" varchar(20) NULL, "modelo" varchar(20) NULL, "serie" varchar(20) NULL, "condicao" varchar(50) NULL, "acessorios" varchar(50) NULL, "defeito" varchar(50) NULL, "solucao" varchar(50) NULL, "desconto" varchar(50) NULL, "acressimo" varchar(50) NULL, "data_saida" varchar(50) NULL, "data_alteracao" varchar(50) NULL, "obs_cli" varchar(50) NULL, "cod_cli_id" integer NOT NULL REFERENCES "clients_client" ("cod_cli") DEFERRABLE INITIALLY DEFERRED, "cod_ser_id" integer NOT NULL REFERENCES "services_services" ("cod") DEFERRABLE INITIALLY DEFERRED, "cod_tec_id" integer NOT NULL REFERENCES "employees_employees" ("cod") DEFERRABLE INITIALLY DEFERRED, "cod_user_id" integer NOT NULL REFERENCES "auth_user" ("id") DEFERRABLE INITIALLY DEFERRED, "modo_pgto" varchar(50) NULL, "obs_ser" varchar(50) NULL, "os_finalizada" bool NOT NULL, "pgto_adiantado" bool NOT NULL, "preco" varchar(50) NULL, "total" varchar(50) NULL, "whatsapp" varchar(20) NULL);
INSERT INTO "work_order_work_order" VALUES(2,'2023-01-24','Aguardando orçamento','Motor','Weg','123','456','torrado','capacitor','','wertre','00001','00001',NULL,'2023-03-10','',25,2,4,1,'Dinheiro','ligadono 220v',1,1,'100','R$ 100,00','1258756588');
INSERT INTO "work_order_work_order" VALUES(3,'2023-01-24','Aguardando orçamento','Motor','Weg','123','456','torrado','capacitor','','wertre','05','010',NULL,'2023-03-11','fsd',23,3,4,1,'Dinheiro','ligadono 220v',0,1,'100','R$ 105,00','12992356793');
INSERT INTO "work_order_work_order" VALUES(22,'2023-03-10','Aguardando orçamento','','','','','','','','','0000000','0000000',NULL,'2023-03-10','',25,1,4,1,'Dinheiro','',0,1,'100','R$ 100,00','1258756588');
INSERT INTO "work_order_work_order" VALUES(46,'2023-04-07','Aguardando orçamento','Motor','Weg','123','456','torrado','capacitor','não liga','wertre','5','2',NULL,'2023-04-07','rtert',45,1,1,1,'Dinheiro','ligadono 220v',1,1,'200','R$ 197,00','12992356793');
INSERT INTO "work_order_work_order" VALUES(47,'2023-04-07','Aguardando orçamento','Motor','wert','123','456','torrado','capacitor','não liga','','0','0',NULL,'2023-04-07','rtert',88,1,1,1,'Débito','ligadono 220v',1,1,'200','R$ 200,00','1258756588');
INSERT INTO "work_order_work_order" VALUES(48,'2023-04-07','Aguardando orçamento','Motor','wert','123','456','torrado','capacitor','não liga','','01','01',NULL,'2023-04-07','rtert',25,1,5,1,'Débito','ligadono 220v',1,1,'199','R$ 199,00','1258756588');
CREATE UNIQUE INDEX "auth_group_permissions_group_id_permission_id_0cd325b0_uniq" ON "auth_group_permissions" ("group_id", "permission_id");
CREATE INDEX IF NOT EXISTS "auth_group_permissions_group_id_b120cbf9" ON "auth_group_permissions" ("group_id");
CREATE INDEX IF NOT EXISTS "auth_group_permissions_permission_id_84c5c92e" ON "auth_group_permissions" ("permission_id");
CREATE UNIQUE INDEX "auth_user_groups_user_id_group_id_94350c0c_uniq" ON "auth_user_groups" ("user_id", "group_id");
CREATE INDEX IF NOT EXISTS "auth_user_groups_user_id_6a12ed8b" ON "auth_user_groups" ("user_id");
CREATE INDEX IF NOT EXISTS "auth_user_groups_group_id_97559544" ON "auth_user_groups" ("group_id");
CREATE UNIQUE INDEX "auth_user_user_permissions_user_id_permission_id_14a6b632_uniq" ON "auth_user_user_permissions" ("user_id", "permission_id");
CREATE INDEX IF NOT EXISTS "auth_user_user_permissions_user_id_a95ead1b" ON "auth_user_user_permissions" ("user_id");
CREATE INDEX IF NOT EXISTS "auth_user_user_permissions_permission_id_1fbb5f2c" ON "auth_user_user_permissions" ("permission_id");
CREATE INDEX IF NOT EXISTS "django_admin_log_content_type_id_c4bce8eb" ON "django_admin_log" ("content_type_id");
CREATE INDEX IF NOT EXISTS "django_admin_log_user_id_c564eba6" ON "django_admin_log" ("user_id");
CREATE UNIQUE INDEX "django_content_type_app_label_model_76bd3d3b_uniq" ON "django_content_type" ("app_label", "model");
CREATE UNIQUE INDEX "auth_permission_content_type_id_codename_01ab375a_uniq" ON "auth_permission" ("content_type_id", "codename");
CREATE INDEX IF NOT EXISTS "auth_permission_content_type_id_2f476e4b" ON "auth_permission" ("content_type_id");
CREATE INDEX IF NOT EXISTS "django_session_expire_date_a5c62663" ON "django_session" ("expire_date");
CREATE INDEX IF NOT EXISTS "clients_client_vendedor_id_ae4443ef" ON "clients_client" ("vendedor_id");
CREATE INDEX IF NOT EXISTS "work_order_services_cod_cli_id_124d06e0" ON "work_order_work_order" ("cod_cli_id");
CREATE INDEX IF NOT EXISTS "work_order_services_cod_ser_id_9d427a2e" ON "work_order_work_order" ("cod_ser_id");
CREATE INDEX IF NOT EXISTS "work_order_services_cod_tec_id_7e53c444" ON "work_order_work_order" ("cod_tec_id");
CREATE INDEX IF NOT EXISTS "work_order_services_cod_user_id_fd182141" ON "work_order_work_order" ("cod_user_id");
CREATE INDEX IF NOT EXISTS "work_order_image_order_id_0026596c" ON "work_order_image" ("order_id");
